{
 "creation": "2020-03-17 08:28:13.422819",
 "doctype": "DocType",
 "editable_grid": 1,
 "engine": "InnoDB",
 "field_order": [
  "category"
 ],
 "fields": [
  {
   "fieldname": "category",
   "fieldtype": "Link",
   "in_list_view": 1,
   "label": "Category",
   "options": "Categories"
  }
 ],
 "istable": 1,
 "modified": "2020-03-17 08:28:13.422819",
 "modified_by": "Administrator",
 "module": "TailPOS Sync",
 "name": "Device Category",
 "owner": "Administrator",
 "permissions": [],
 "quick_entry": 1,
 "sort_field": "modified",
 "sort_order": "DESC",
 "track_changes": 1
}