{
 "custom_fields": [
  {
   "_assign": null,
   "_comments": null,
   "_liked_by": null,
   "_user_tags": null,
   "allow_in_quick_entry": 0,
   "allow_on_submit": 0,
   "bold": 0,
   "collapsible": 0,
   "collapsible_depends_on": null,
   "columns": 0,
   "creation": "2020-06-25 08:03:15.422474",
   "default": null,
   "depends_on": null,
   "description": null,
   "docstatus": 0,
   "dt": "Customer Credit Limit",
   "fetch_from": null,
   "fetch_if_empty": 0,
   "fieldname": "total_prepaid_balance",
   "fieldtype": "Currency",
   "hidden": 0,
   "idx": 3,
   "ignore_user_permissions": 0,
   "ignore_xss_filter": 0,
   "in_global_search": 0,
   "in_list_view": 1,
   "in_standard_filter": 0,
   "insert_after": "credit_limit",
   "label": "Total Prepaid Balance",
   "length": 0,
   "modified": "2019-11-15 11:50:59.858938",
   "modified_by": "Administrator",
   "name": "Customer Credit Limit-total_prepaid_balance",
   "no_copy": 0,
   "options": null,
   "owner": "Administrator",
   "parent": null,
   "parentfield": null,
   "parenttype": null,
   "permlevel": 0,
   "precision": "",
   "print_hide": 0,
   "print_hide_if_no_value": 0,
   "print_width": null,
   "read_only": 1,
   "report_hide": 0,
   "reqd": 0,
   "search_index": 0,
   "translatable": 0,
   "unique": 0,
   "width": null
  }
 ],
 "custom_perms": [],
 "doctype": "Customer Credit Limit",
 "property_setters": [],
 "sync_on_migrate": 1
}