{
 "custom_fields": [
  {
   "_assign": null,
   "_comments": null,
   "_liked_by": null,
   "_user_tags": null,
   "allow_in_quick_entry": 0,
   "allow_on_submit": 1,
   "bold": 0,
   "collapsible": 0,
   "collapsible_depends_on": null,
   "columns": 0,
   "creation": "2018-11-06 09:37:11.183326",
   "default": null,
   "depends_on": null,
   "description": null,
   "docstatus": 0,
   "dt": "Delivery Note Item",
   "fetch_from": "item_code.tax_code",
   "fetch_if_empty": 0,
   "fieldname": "tax_code",
   "fieldtype": "Read Only",
   "hidden": 0,
   "idx": 7,
   "ignore_user_permissions": 0,
   "ignore_xss_filter": 0,
   "in_global_search": 0,
   "in_list_view": 0,
   "in_standard_filter": 0,
   "insert_after": "description",
   "label": "Tax Code",
   "length": 0,
   "modified": "2020-04-13 08:47:32.702891",
   "modified_by": "Administrator",
   "name": "Delivery Note Item-tax_code",
   "no_copy": 0,
   "options": "",
   "owner": "Administrator",
   "parent": null,
   "parentfield": null,
   "parenttype": null,
   "permlevel": 0,
   "precision": "",
   "print_hide": 1,
   "print_hide_if_no_value": 0,
   "print_width": null,
   "read_only": 0,
   "report_hide": 0,
   "reqd": 0,
   "search_index": 0,
   "translatable": 0,
   "unique": 0,
   "width": null
  },
  {
   "_assign": null,
   "_comments": null,
   "_liked_by": null,
   "_user_tags": null,
   "allow_in_quick_entry": 0,
   "allow_on_submit": 0,
   "bold": 0,
   "collapsible": 0,
   "collapsible_depends_on": null,
   "columns": 0,
   "creation": "2018-11-06 09:37:11.761148",
   "default": null,
   "depends_on": null,
   "description": null,
   "docstatus": 0,
   "dt": "Delivery Note Item",
   "fetch_from": null,
   "fetch_if_empty": 0,
   "fieldname": "tax_rate",
   "fieldtype": "Float",
   "hidden": 1,
   "idx": 8,
   "ignore_user_permissions": 0,
   "ignore_xss_filter": 0,
   "in_global_search": 0,
   "in_list_view": 0,
   "in_standard_filter": 0,
   "insert_after": "tax_code",
   "label": "Tax Rate",
   "length": 0,
   "modified": "2020-04-13 08:47:32.945226",
   "modified_by": "Administrator",
   "name": "Delivery Note Item-tax_rate",
   "no_copy": 0,
   "options": null,
   "owner": "Administrator",
   "parent": null,
   "parentfield": null,
   "parenttype": null,
   "permlevel": 0,
   "precision": "",
   "print_hide": 1,
   "print_hide_if_no_value": 0,
   "print_width": null,
   "read_only": 1,
   "report_hide": 0,
   "reqd": 0,
   "search_index": 0,
   "translatable": 0,
   "unique": 0,
   "width": null
  },
  {
   "_assign": null,
   "_comments": null,
   "_liked_by": null,
   "_user_tags": null,
   "allow_in_quick_entry": 0,
   "allow_on_submit": 0,
   "bold": 0,
   "collapsible": 0,
   "collapsible_depends_on": null,
   "columns": 0,
   "creation": "2018-11-06 09:37:12.991357",
   "default": null,
   "depends_on": null,
   "description": null,
   "docstatus": 0,
   "dt": "Delivery Note Item",
   "fetch_from": null,
   "fetch_if_empty": 0,
   "fieldname": "tax_amount",
   "fieldtype": "Currency",
   "hidden": 1,
   "idx": 9,
   "ignore_user_permissions": 0,
   "ignore_xss_filter": 0,
   "in_global_search": 0,
   "in_list_view": 0,
   "in_standard_filter": 0,
   "insert_after": "tax_rate",
   "label": "Tax Amount",
   "length": 0,
   "modified": "2020-04-13 08:47:33.128893",
   "modified_by": "Administrator",
   "name": "Delivery Note Item-tax_amount",
   "no_copy": 0,
   "options": "currency",
   "owner": "Administrator",
   "parent": null,
   "parentfield": null,
   "parenttype": null,
   "permlevel": 0,
   "precision": "",
   "print_hide": 1,
   "print_hide_if_no_value": 0,
   "print_width": null,
   "read_only": 1,
   "report_hide": 0,
   "reqd": 0,
   "search_index": 0,
   "translatable": 0,
   "unique": 0,
   "width": null
  },
  {
   "_assign": null,
   "_comments": null,
   "_liked_by": null,
   "_user_tags": null,
   "allow_in_quick_entry": 0,
   "allow_on_submit": 0,
   "bold": 0,
   "collapsible": 0,
   "collapsible_depends_on": null,
   "columns": 0,
   "creation": "2018-11-06 09:37:13.686122",
   "default": null,
   "depends_on": null,
   "description": null,
   "docstatus": 0,
   "dt": "Delivery Note Item",
   "fetch_from": null,
   "fetch_if_empty": 0,
   "fieldname": "total_amount",
   "fieldtype": "Currency",
   "hidden": 1,
   "idx": 10,
   "ignore_user_permissions": 0,
   "ignore_xss_filter": 0,
   "in_global_search": 0,
   "in_list_view": 0,
   "in_standard_filter": 0,
   "insert_after": "tax_amount",
   "label": "Total Amount",
   "length": 0,
   "modified": "2020-04-13 08:47:33.312536",
   "modified_by": "Administrator",
   "name": "Delivery Note Item-total_amount",
   "no_copy": 0,
   "options": "currency",
   "owner": "Administrator",
   "parent": null,
   "parentfield": null,
   "parenttype": null,
   "permlevel": 0,
   "precision": "",
   "print_hide": 1,
   "print_hide_if_no_value": 0,
   "print_width": null,
   "read_only": 1,
   "report_hide": 0,
   "reqd": 0,
   "search_index": 0,
   "translatable": 0,
   "unique": 0,
   "width": null
  },
  {
   "_assign": null,
   "_comments": null,
   "_liked_by": null,
   "_user_tags": null,
   "allow_in_quick_entry": 0,
   "allow_on_submit": 0,
   "bold": 0,
   "collapsible": 0,
   "collapsible_depends_on": null,
   "columns": 0,
   "creation": "2020-12-06 11:35:15.558022",
   "default": null,
   "depends_on": null,
   "description": null,
   "docstatus": 0,
   "dt": "Delivery Note Item",
   "fetch_from": null,
   "fetch_if_empty": 0,
   "fieldname": "payroll_entry",
   "fieldtype": "Link",
   "hidden": 0,
   "idx": 77,
   "ignore_user_permissions": 0,
   "ignore_xss_filter": 0,
   "in_global_search": 0,
   "in_list_view": 0,
   "in_standard_filter": 0,
   "insert_after": "accounting_dimensions_section",
   "label": "Payroll Entry",
   "length": 0,
   "modified": "2020-12-06 11:35:15.558022",
   "modified_by": "Administrator",
   "name": "Delivery Note Item-payroll_entry",
   "no_copy": 0,
   "options": "Payroll Entry",
   "owner": "Administrator",
   "parent": null,
   "parentfield": null,
   "parenttype": null,
   "permlevel": 0,
   "precision": "",
   "print_hide": 0,
   "print_hide_if_no_value": 0,
   "print_width": null,
   "read_only": 0,
   "report_hide": 0,
   "reqd": 0,
   "search_index": 0,
   "translatable": 0,
   "unique": 0,
   "width": null
  }
 ],
 "custom_perms": [],
 "doctype": "Delivery Note Item",
 "property_setters": [
  {
   "_assign": null,
   "_comments": null,
   "_liked_by": null,
   "_user_tags": null,
   "creation": "2020-11-15 10:37:07.794532",
   "default_value": null,
   "doc_type": "Delivery Note Item",
   "docstatus": 0,
   "doctype_or_field": "DocField",
   "field_name": "barcode",
   "idx": 0,
   "modified": "2020-11-15 10:37:07.794532",
   "modified_by": "Administrator",
   "name": "Delivery Note Item-barcode-hidden",
   "owner": "Administrator",
   "parent": null,
   "parentfield": null,
   "parenttype": null,
   "property": "hidden",
   "property_type": "Check",
   "value": "1"
  }
 ],
 "sync_on_migrate": 1
}