{
 "custom_fields": [
  {
   "_assign": null,
   "_comments": null,
   "_liked_by": null,
   "_user_tags": null,
   "allow_in_quick_entry": 0,
   "allow_on_submit": 0,
   "bold": 0,
   "collapsible": 0,
   "collapsible_depends_on": null,
   "columns": 0,
   "creation": "2020-12-06 11:35:09.497103",
   "default": null,
   "depends_on": null,
   "description": null,
   "docstatus": 0,
   "dt": "Expense Claim Detail",
   "fetch_from": null,
   "fetch_if_empty": 0,
   "fieldname": "payroll_entry",
   "fieldtype": "Link",
   "hidden": 0,
   "idx": 11,
   "ignore_user_permissions": 0,
   "ignore_xss_filter": 0,
   "in_global_search": 0,
   "in_list_view": 0,
   "in_standard_filter": 0,
   "insert_after": "accounting_dimensions_section",
   "label": "Payroll Entry",
   "length": 0,
   "modified": "2020-12-06 11:35:09.497103",
   "modified_by": "Administrator",
   "name": "Expense Claim Detail-payroll_entry",
   "no_copy": 0,
   "options": "Payroll Entry",
   "owner": "Administrator",
   "parent": null,
   "parentfield": null,
   "parenttype": null,
   "permlevel": 0,
   "precision": "",
   "print_hide": 0,
   "print_hide_if_no_value": 0,
   "print_width": null,
   "read_only": 0,
   "report_hide": 0,
   "reqd": 0,
   "search_index": 0,
   "translatable": 0,
   "unique": 0,
   "width": null
  }
 ],
 "custom_perms": [],
 "doctype": "Expense Claim Detail",
 "property_setters": [
  {
   "_assign": null,
   "_comments": null,
   "_liked_by": null,
   "_user_tags": null,
   "creation": "2020-06-23 11:35:05.388944",
   "default_value": null,
   "doc_type": "Expense Claim Detail",
   "docstatus": 0,
   "doctype_or_field": "DocField",
   "field_name": "cost_center",
   "idx": 0,
   "modified": "2020-06-23 11:35:05.388944",
   "modified_by": "santosh@taazur.com",
   "name": "Expense Claim Detail-cost_center-in_list_view",
   "owner": "santosh@taazur.com",
   "parent": null,
   "parentfield": null,
   "parenttype": null,
   "property": "in_list_view",
   "property_type": "Check",
   "value": "1"
  },
  {
   "_assign": null,
   "_comments": null,
   "_liked_by": null,
   "_user_tags": null,
   "creation": "2020-06-23 11:35:05.362581",
   "default_value": null,
   "doc_type": "Expense Claim Detail",
   "docstatus": 0,
   "doctype_or_field": "DocField",
   "field_name": "cost_center",
   "idx": 0,
   "modified": "2020-06-23 11:35:05.362581",
   "modified_by": "santosh@taazur.com",
   "name": "Expense Claim Detail-cost_center-reqd",
   "owner": "santosh@taazur.com",
   "parent": null,
   "parentfield": null,
   "parenttype": null,
   "property": "reqd",
   "property_type": "Check",
   "value": "1"
  },
  {
   "_assign": null,
   "_comments": null,
   "_liked_by": null,
   "_user_tags": null,
   "creation": "2020-06-23 11:35:05.326078",
   "default_value": null,
   "doc_type": "Expense Claim Detail",
   "docstatus": 0,
   "doctype_or_field": "DocField",
   "field_name": "sanctioned_amount",
   "idx": 0,
   "modified": "2020-06-23 11:35:05.326078",
   "modified_by": "santosh@taazur.com",
   "name": "Expense Claim Detail-sanctioned_amount-in_list_view",
   "owner": "santosh@taazur.com",
   "parent": null,
   "parentfield": null,
   "parenttype": null,
   "property": "in_list_view",
   "property_type": "Check",
   "value": "0"
  },
  {
   "_assign": null,
   "_comments": null,
   "_liked_by": null,
   "_user_tags": null,
   "creation": "2020-03-14 16:34:38.981556",
   "default_value": null,
   "doc_type": "Expense Claim Detail",
   "docstatus": 0,
   "doctype_or_field": "DocField",
   "field_name": "expense_type",
   "idx": 0,
   "modified": "2020-03-14 16:34:38.981556",
   "modified_by": "santosh@taazur.com",
   "name": "Expense Claim Detail-expense_type-in_standard_filter",
   "owner": "santosh@taazur.com",
   "parent": null,
   "parentfield": null,
   "parenttype": null,
   "property": "in_standard_filter",
   "property_type": "Check",
   "value": "1"
  }
 ],
 "sync_on_migrate": 1
}