{
 "custom_fields": [],
 "custom_perms": [],
 "doctype": "Item Barcode",
 "property_setters": [
  {
   "_assign": null,
   "_comments": null,
   "_liked_by": null,
   "_user_tags": null,
   "creation": "2020-11-15 10:37:07.929394",
   "default_value": null,
   "doc_type": "Item Barcode",
   "docstatus": 0,
   "doctype_or_field": "DocField",
   "field_name": "barcode",
   "idx": 0,
   "modified": "2020-11-15 10:37:07.929394",
   "modified_by": "Administrator",
   "name": "Item Barcode-barcode-hidden",
   "owner": "Administrator",
   "parent": null,
   "parentfield": null,
   "parenttype": null,
   "property": "hidden",
   "property_type": "Check",
   "value": "1"
  }
 ],
 "sync_on_migrate": 1
}