{
 "custom_fields": [
  {
   "_assign": null,
   "_comments": null,
   "_liked_by": null,
   "_user_tags": null,
   "allow_in_quick_entry": 0,
   "allow_on_submit": 1,
   "bold": 0,
   "collapsible": 0,
   "collapsible_depends_on": null,
   "columns": 0,
   "creation": "2020-11-21 10:24:12.385601",
   "default": null,
   "depends_on": null,
   "description": null,
   "docstatus": 0,
   "dt": "Leave Policy",
   "fetch_from": null,
   "fetch_if_empty": 0,
   "fieldname": "ind_als_earned",
   "fieldtype": "Float",
   "hidden": 0,
   "idx": 2,
   "ignore_user_permissions": 0,
   "ignore_xss_filter": 0,
   "in_global_search": 0,
   "in_list_view": 1,
   "in_standard_filter": 0,
   "insert_after": "ind_leave_policy_type",
   "label": "Annual Leaves Earned",
   "length": 0,
   "modified": "2020-11-21 10:34:27.136783",
   "modified_by": "Administrator",
   "name": "Leave Policy-ind_als_earned",
   "no_copy": 0,
   "options": null,
   "owner": "Administrator",
   "parent": null,
   "parentfield": null,
   "parenttype": null,
   "permlevel": 0,
   "precision": "",
   "print_hide": 0,
   "print_hide_if_no_value": 0,
   "print_width": null,
   "read_only": 0,
   "report_hide": 0,
   "reqd": 1,
   "search_index": 0,
   "translatable": 0,
   "unique": 0,
   "width": null
  },
  {
   "_assign": null,
   "_comments": null,
   "_liked_by": null,
   "_user_tags": null,
   "allow_in_quick_entry": 0,
   "allow_on_submit": 1,
   "bold": 0,
   "collapsible": 0,
   "collapsible_depends_on": null,
   "columns": 0,
   "creation": "2020-11-21 10:19:57.962250",
   "default": null,
   "depends_on": null,
   "description": null,
   "docstatus": 0,
   "dt": "Leave Policy",
   "fetch_from": null,
   "fetch_if_empty": 0,
   "fieldname": "ind_leave_policy_type",
   "fieldtype": "Data",
   "hidden": 0,
   "idx": 1,
   "ignore_user_permissions": 0,
   "ignore_xss_filter": 0,
   "in_global_search": 0,
   "in_list_view": 1,
   "in_standard_filter": 0,
   "insert_after": "leave_allocations_section",
   "label": "Leave Policy Type",
   "length": 0,
   "modified": "2020-11-21 10:35:00.950665",
   "modified_by": "Administrator",
   "name": "Leave Policy-ind_leave_policy_type",
   "no_copy": 0,
   "options": null,
   "owner": "Administrator",
   "parent": null,
   "parentfield": null,
   "parenttype": null,
   "permlevel": 0,
   "precision": "",
   "print_hide": 0,
   "print_hide_if_no_value": 0,
   "print_width": null,
   "read_only": 0,
   "report_hide": 0,
   "reqd": 0,
   "search_index": 0,
   "translatable": 1,
   "unique": 0,
   "width": null
  }
 ],
 "custom_perms": [],
 "doctype": "Leave Policy",
 "property_setters": [],
 "sync_on_migrate": 1
}