{
 "custom_fields": [
  {
   "_assign": null,
   "_comments": null,
   "_liked_by": null,
   "_user_tags": null,
   "allow_in_quick_entry": 0,
   "allow_on_submit": 1,
   "bold": 0,
   "collapsible": 0,
   "collapsible_depends_on": null,
   "columns": 0,
   "creation": "2020-11-21 10:31:18.693951",
   "default": null,
   "depends_on": null,
   "description": null,
   "docstatus": 0,
   "dt": "Leave Policy Detail",
   "fetch_from": null,
   "fetch_if_empty": 0,
   "fieldname": "ind_carry_forward",
   "fieldtype": "Float",
   "hidden": 0,
   "idx": 2,
   "ignore_user_permissions": 0,
   "ignore_xss_filter": 0,
   "in_global_search": 0,
   "in_list_view": 1,
   "in_standard_filter": 0,
   "insert_after": "annual_allocation",
   "label": "Carry Forward Days",
   "length": 0,
   "modified": "2020-11-21 10:31:32.604762",
   "modified_by": "Administrator",
   "name": "Leave Policy Detail-ind_carry_forward",
   "no_copy": 0,
   "options": null,
   "owner": "Administrator",
   "parent": null,
   "parentfield": null,
   "parenttype": null,
   "permlevel": 0,
   "precision": "",
   "print_hide": 0,
   "print_hide_if_no_value": 0,
   "print_width": null,
   "read_only": 0,
   "report_hide": 0,
   "reqd": 0,
   "search_index": 0,
   "translatable": 0,
   "unique": 0,
   "width": null
  }
 ],
 "custom_perms": [],
 "doctype": "Leave Policy Detail",
 "property_setters": [
  {
   "_assign": null,
   "_comments": null,
   "_liked_by": null,
   "_user_tags": null,
   "creation": "2020-10-04 12:45:58.791588",
   "default_value": null,
   "doc_type": "Leave Policy Detail",
   "docstatus": 0,
   "doctype_or_field": "DocField",
   "field_name": "leave_type",
   "idx": 0,
   "modified": "2020-10-04 12:45:58.791588",
   "modified_by": "Administrator",
   "name": "Leave Policy Detail-leave_type-in_global_search",
   "owner": "Administrator",
   "parent": null,
   "parentfield": null,
   "parenttype": null,
   "property": "in_global_search",
   "property_type": "Check",
   "value": "1"
  },
  {
   "_assign": null,
   "_comments": null,
   "_liked_by": null,
   "_user_tags": null,
   "creation": "2020-10-04 12:45:58.620859",
   "default_value": null,
   "doc_type": "Leave Policy Detail",
   "docstatus": 0,
   "doctype_or_field": "DocField",
   "field_name": "leave_type",
   "idx": 0,
   "modified": "2020-10-04 12:45:58.620859",
   "modified_by": "Administrator",
   "name": "Leave Policy Detail-leave_type-in_standard_filter",
   "owner": "Administrator",
   "parent": null,
   "parentfield": null,
   "parenttype": null,
   "property": "in_standard_filter",
   "property_type": "Check",
   "value": "1"
  }
 ],
 "sync_on_migrate": 1
}