{
 "custom_fields": [],
 "custom_perms": [],
 "doctype": "Note",
 "property_setters": [
  {
   "_assign": null,
   "_comments": null,
   "_liked_by": null,
   "_user_tags": null,
   "creation": "2020-12-16 12:56:25.999263",
   "default_value": null,
   "doc_type": "Note",
   "docstatus": 0,
   "doctype_or_field": "DocType",
   "field_name": null,
   "idx": 0,
   "modified": "2020-12-16 12:56:25.999263",
   "modified_by": "Administrator",
   "name": "Note-quick_entry",
   "owner": "Administrator",
   "parent": null,
   "parentfield": null,
   "parenttype": null,
   "property": "quick_entry",
   "property_type": "Check",
   "value": "0"
  }
 ],
 "sync_on_migrate": 1
}