{
 "custom_fields": [
  {
   "_assign": null,
   "_comments": null,
   "_liked_by": null,
   "_user_tags": null,
   "allow_in_quick_entry": 0,
   "allow_on_submit": 0,
   "bold": 0,
   "collapsible": 0,
   "collapsible_depends_on": null,
   "columns": 0,
   "creation": "2020-02-23 07:49:02.809831",
   "default": null,
   "depends_on": null,
   "description": null,
   "docstatus": 0,
   "dt": "Product Bundle",
   "fetch_from": "new_item_code.item_name",
   "fetch_if_empty": 0,
   "fieldname": "reference_item_name",
   "fieldtype": "Read Only",
   "hidden": 0,
   "idx": 3,
   "ignore_user_permissions": 0,
   "ignore_xss_filter": 0,
   "in_global_search": 1,
   "in_list_view": 1,
   "in_standard_filter": 1,
   "insert_after": "new_item_code",
   "label": "Reference Item Name",
   "length": 0,
   "modified": "2020-02-23 07:49:02.809831",
   "modified_by": "santosh@taazur.com",
   "name": "Product Bundle-reference_item_name",
   "no_copy": 0,
   "options": null,
   "owner": "santosh@taazur.com",
   "parent": null,
   "parentfield": null,
   "parenttype": null,
   "permlevel": 0,
   "precision": "",
   "print_hide": 0,
   "print_hide_if_no_value": 0,
   "print_width": null,
   "read_only": 0,
   "report_hide": 0,
   "reqd": 0,
   "search_index": 0,
   "translatable": 0,
   "unique": 0,
   "width": null
  }
 ],
 "custom_perms": [],
 "doctype": "Product Bundle",
 "property_setters": [
  {
   "_assign": null,
   "_comments": null,
   "_liked_by": null,
   "_user_tags": null,
   "creation": "2020-06-29 12:38:24.472861",
   "default_value": null,
   "doc_type": "Product Bundle",
   "docstatus": 0,
   "doctype_or_field": "DocField",
   "field_name": "new_item_code",
   "idx": 0,
   "modified": "2020-06-29 12:38:24.472861",
   "modified_by": "santosh@taazur.com",
   "name": "Product Bundle-new_item_code-in_standard_filter",
   "owner": "santosh@taazur.com",
   "parent": null,
   "parentfield": null,
   "parenttype": null,
   "property": "in_standard_filter",
   "property_type": "Check",
   "value": "1"
  },
  {
   "_assign": null,
   "_comments": null,
   "_liked_by": null,
   "_user_tags": null,
   "creation": "2020-02-23 07:32:09.493990",
   "default_value": null,
   "doc_type": "Product Bundle",
   "docstatus": 0,
   "doctype_or_field": "DocField",
   "field_name": "description",
   "idx": 0,
   "modified": "2020-02-23 07:32:09.493990",
   "modified_by": "santosh@taazur.com",
   "name": "Product Bundle-description-in_standard_filter",
   "owner": "santosh@taazur.com",
   "parent": null,
   "parentfield": null,
   "parenttype": null,
   "property": "in_standard_filter",
   "property_type": "Check",
   "value": "1"
  },
  {
   "_assign": null,
   "_comments": null,
   "_liked_by": null,
   "_user_tags": null,
   "creation": "2019-02-04 15:04:59.024753",
   "default_value": null,
   "doc_type": "Product Bundle",
   "docstatus": 0,
   "doctype_or_field": "DocField",
   "field_name": "description",
   "idx": 0,
   "modified": "2019-02-04 15:04:59.024753",
   "modified_by": "Administrator",
   "name": "Product Bundle-description-width",
   "owner": "Administrator",
   "parent": null,
   "parentfield": null,
   "parenttype": null,
   "property": "width",
   "property_type": null,
   "value": "309"
  }
 ],
 "sync_on_migrate": 1
}