{
 "custom_fields": [],
 "custom_perms": [],
 "doctype": "Salary Component Account",
 "property_setters": [
  {
   "_assign": null,
   "_comments": null,
   "_liked_by": null,
   "_user_tags": null,
   "creation": "2020-11-19 23:21:16.546475",
   "default_value": null,
   "doc_type": "Salary Component Account",
   "docstatus": 0,
   "doctype_or_field": "DocField",
   "field_name": "default_account",
   "idx": 0,
   "modified": "2020-11-19 23:21:16.546475",
   "modified_by": "Administrator",
   "name": "Salary Component Account-default_account-in_standard_filter",
   "owner": "Administrator",
   "parent": null,
   "parentfield": null,
   "parenttype": null,
   "property": "in_standard_filter",
   "property_type": "Check",
   "value": "1"
  }
 ],
 "sync_on_migrate": 1
}