{
 "custom_fields": [],
 "custom_perms": [],
 "doctype": "Salary Structure Employee",
 "property_setters": [
  {
   "_assign": null,
   "_comments": null,
   "_liked_by": null,
   "_user_tags": null,
   "creation": "2018-11-14 09:40:43.263004",
   "default_value": null,
   "doc_type": "Salary Structure Employee",
   "docstatus": 0,
   "doctype_or_field": "DocField",
   "field_name": "employee",
   "idx": 0,
   "modified": "2018-11-14 09:40:43.263004",
   "modified_by": "Administrator",
   "name": "Salary Structure Employee-employee-width",
   "owner": "Administrator",
   "parent": null,
   "parentfield": null,
   "parenttype": null,
   "property": "width",
   "property_type": null,
   "value": "261"
  },
  {
   "_assign": null,
   "_comments": null,
   "_liked_by": null,
   "_user_tags": null,
   "creation": "2018-11-14 09:40:34.905570",
   "default_value": null,
   "doc_type": "Salary Structure Employee",
   "docstatus": 0,
   "doctype_or_field": "DocField",
   "field_name": "employee_name",
   "idx": 0,
   "modified": "2018-11-14 09:40:34.905570",
   "modified_by": "Administrator",
   "name": "Salary Structure Employee-employee_name-width",
   "owner": "Administrator",
   "parent": null,
   "parentfield": null,
   "parenttype": null,
   "property": "width",
   "property_type": null,
   "value": "301"
  }
 ],
 "sync_on_migrate": 1
}