{
 "custom_fields": [
  {
   "_assign": null,
   "_comments": null,
   "_liked_by": null,
   "_user_tags": null,
   "allow_in_quick_entry": 0,
   "allow_on_submit": 0,
   "bold": 0,
   "collapsible": 0,
   "collapsible_depends_on": null,
   "columns": 0,
   "creation": "2020-12-06 11:35:16.803316",
   "default": null,
   "depends_on": null,
   "description": null,
   "docstatus": 0,
   "dt": "Sales Taxes and Charges",
   "fetch_from": null,
   "fetch_if_empty": 0,
   "fieldname": "payroll_entry",
   "fieldtype": "Link",
   "hidden": 0,
   "idx": 7,
   "ignore_user_permissions": 0,
   "ignore_xss_filter": 0,
   "in_global_search": 0,
   "in_list_view": 0,
   "in_standard_filter": 0,
   "insert_after": "accounting_dimensions_section",
   "label": "Payroll Entry",
   "length": 0,
   "modified": "2020-12-06 11:35:16.803316",
   "modified_by": "Administrator",
   "name": "Sales Taxes and Charges-payroll_entry",
   "no_copy": 0,
   "options": "Payroll Entry",
   "owner": "Administrator",
   "parent": null,
   "parentfield": null,
   "parenttype": null,
   "permlevel": 0,
   "precision": "",
   "print_hide": 0,
   "print_hide_if_no_value": 0,
   "print_width": null,
   "read_only": 0,
   "report_hide": 0,
   "reqd": 0,
   "search_index": 0,
   "translatable": 0,
   "unique": 0,
   "width": null
  }
 ],
 "custom_perms": [],
 "doctype": "Sales Taxes and Charges",
 "property_setters": [
  {
   "_assign": null,
   "_comments": null,
   "_liked_by": null,
   "_user_tags": null,
   "creation": "2019-02-28 09:03:06.403273",
   "default_value": null,
   "doc_type": "Sales Taxes and Charges",
   "docstatus": 0,
   "doctype_or_field": "DocType",
   "field_name": "",
   "idx": 0,
   "modified": "2019-02-28 09:03:06.403273",
   "modified_by": "Administrator",
   "name": "Sales Taxes and Charges-autoname",
   "owner": "Administrator",
   "parent": null,
   "parentfield": null,
   "parenttype": null,
   "property": "autoname",
   "property_type": "",
   "value": "INVTD.######"
  }
 ],
 "sync_on_migrate": 1
}