{
 "custom_fields": [],
 "custom_perms": [],
 "doctype": "Stock Entry Detail",
 "property_setters": [
  {
   "_assign": null,
   "_comments": null,
   "_liked_by": null,
   "_user_tags": null,
   "creation": "2020-10-26 11:48:17.691359",
   "default_value": null,
   "doc_type": "Stock Entry Detail",
   "docstatus": 0,
   "doctype_or_field": "DocField",
   "field_name": "barcode",
   "idx": 0,
   "modified": "2020-10-26 11:48:17.691359",
   "modified_by": "santosh@taazur.com",
   "name": "Stock Entry Detail-barcode-hidden",
   "owner": "santosh@taazur.com",
   "parent": null,
   "parentfield": null,
   "parenttype": null,
   "property": "hidden",
   "property_type": "Check",
   "value": "1"
  }
 ],
 "sync_on_migrate": 1
}