{
 "creation": "2020-03-11 12:56:31.362379",
 "doctype": "DocType",
 "editable_grid": 1,
 "engine": "InnoDB",
 "field_order": [
  "tax",
  "amount"
 ],
 "fields": [
  {
   "fieldname": "tax",
   "fieldtype": "Data",
   "in_list_view": 1,
   "label": "Tax"
  },
  {
   "fieldname": "amount",
   "fieldtype": "Currency",
   "in_list_view": 1,
   "label": "Amount"
  }
 ],
 "istable": 1,
 "modified": "2020-03-11 12:56:43.535682",
 "modified_by": "Administrator",
 "module": "TailPOS Sync",
 "name": "Receipt Taxes",
 "owner": "Administrator",
 "permissions": [],
 "quick_entry": 1,
 "sort_field": "modified",
 "sort_order": "DESC",
 "track_changes": 1
}