{
 "creation": "2019-11-08 09:18:30.076505",
 "doctype": "DocType",
 "editable_grid": 1,
 "engine": "InnoDB",
 "field_order": [
  "type",
  "amount"
 ],
 "fields": [
  {
   "fieldname": "type",
   "fieldtype": "Data",
   "in_list_view": 1,
   "label": "Type",
   "read_only": 1
  },
  {
   "fieldname": "amount",
   "fieldtype": "Currency",
   "in_list_view": 1,
   "label": "Amount",
   "precision": "2",
   "read_only": 1
  }
 ],
 "istable": 1,
 "modified": "2020-05-03 10:19:20.738384",
 "modified_by": "Administrator",
 "module": "TailPOS Sync",
 "name": "Payment Types",
 "owner": "Administrator",
 "permissions": [],
 "sort_field": "modified",
 "sort_order": "DESC",
 "track_changes": 1
}