[
 {
  "content": "<style> \n        .x { \n            -moz-column-count: 1; \n            column-count: 1; \n            width: 100%; \n        }\n</style>\n    <div class=\"x\"> \n    <pre style=\"background-color: #FDFEFE; width: 100%;\"><b style=\"width: 100%; text-align: center; font-size: 18px;\"><img src=\"/files/LogoFutureEquipments.png\" style=\"width: 150px;\">FUTURE EQUIPMENTS TRADING COMPANY</b><br><font style=\"width: 100%; text-align: centre; font-size: 11px;\">P.O.Box: 120, Ras Tanurah 31941, Kingdom of Saudi Arabia,<br>Website:www.taazur..com, Email:info@taazur.com,Telephone: +966-13-8021801</font>\n</pre></div>",
  "disabled": 0,
  "docstatus": 0,
  "doctype": "Letter Head",
  "footer": "",
  "image": null,
  "is_default": 0,
  "letter_head_name": "OLD Future Equipments",
  "modified": "2020-10-31 19:25:27.793760",
  "name": "OLD Future Equipments",
  "parent": null,
  "parentfield": null,
  "parenttype": null,
  "source": "Image"
 },
 {
  "content": "<div><span style=\"color: rgb(64, 64, 64);\">\u0634\u0640\u0640\u0640\u0640\u0640\u0631\u0643\u0640\u0640\u0640\u0640\u0640\u0629 \u0628\u0640\u0640\u064a\u0640\u0640\u0640\u0640\u062a \u0627\u0644\u062a\u0640\u0640\u0640\u0640\u0640\u0648\u0627\u0628\u0640\u0640\u0640\u0640\u0640\u0644 \u0627\u0644\u0640\u0640\u0645\u0640\u0640\u0640\u0640\u0640\u0640\u062d\u0640\u0640\u062f\u0648\u062f\u0629\u00a0</span></div><div><span style=\"color: rgb(64, 64, 64);\">\ufeffThe house of Spices Company Limited</span></div><div><br></div><div><br></div><div><br></div><div><br></div><div><br></div><div><br></div><div><br></div>",
  "disabled": 1,
  "docstatus": 0,
  "doctype": "Letter Head",
  "footer": "<div><span style=\"color: rgb(64, 64, 64);\"> ==============================================================================================</span></div><div style=\"text-align: center;\"><img src=\"/files/3ByLthH.png\"></div><div style=\"text-align: center;\"><span style=\"color: rgb(64, 64, 64);\"> \u0633. \u062a: 2054004359 \u0635.\u0628: 120 \u0631\u0623\u0633 \u062a\u0646\u0648\u0631\u0629 31941 \u0627\u0644\u0645\u0645\u0644\u0643\u0629 \u0627\u0644\u0639\u0631\u0628\u064a\u0629 \u0627\u0644\u0633\u0639\u0648\u062f\u064a\u0629 \u0647\u0640\u0640\u0627\u062a\u0641: 6673576 013\u00a0\u0641\u0627\u0643\u0633: 6681075 013</span></div>",
  "image": null,
  "is_default": 0,
  "letter_head_name": "The House & Spices",
  "modified": "2020-10-08 00:40:01.328387",
  "name": "The House & Spices",
  "parent": null,
  "parentfield": null,
  "parenttype": null,
  "source": "Image"
 },
 {
  "content": "<div><img src=\"/files/6TCfI0B.png\"></div>",
  "disabled": 1,
  "docstatus": 0,
  "doctype": "Letter Head",
  "footer": "<div><br></div>",
  "image": null,
  "is_default": 0,
  "letter_head_name": "Taazur UAE",
  "modified": "2020-10-08 00:39:37.475398",
  "name": "Taazur UAE",
  "parent": null,
  "parentfield": null,
  "parenttype": null,
  "source": "Image"
 },
 {
  "content": "<img src=\"/files/Taazur_Jordan.png\" style=\"width: 100%;\">",
  "disabled": 1,
  "docstatus": 0,
  "doctype": "Letter Head",
  "footer": "",
  "image": "/files/Taazur_Jordan.png",
  "is_default": 0,
  "letter_head_name": "OLD Taazur Jordan",
  "modified": "2020-10-12 20:55:42.902848",
  "name": "OLD Taazur Jordan",
  "parent": null,
  "parentfield": null,
  "parenttype": null,
  "source": "Image"
 },
 {
  "content": "<style> \n        .x { \n            -moz-column-count: 1; \n            column-count: 1; \n            width: 100%; \n        }\n</style>\n    <div class=\"x\"> \n    <pre style=\"background-color: #FDFEFE; width: 100%;\"><b style=\"width: 100%; text-align: center; font-size: 18px;\"><img src=\"/files/HNsNBBQ.png\" style=\"width: 100px;\">{{doc.company}}</b><br><font style=\"width: 100%; text-align: centre; font-size: 11px;\">P.O.Box: 120, Ras Tanurah 31941, Kingdom of Saudi Arabia,<br>Website:www.taazur..com, Email:info@taazur.com,Telephone: +966-13-8021801&gt;\n</font></pre></div>",
  "disabled": 1,
  "docstatus": 0,
  "doctype": "Letter Head",
  "footer": "<style>\n.footer {\n  position: fixed;\n  left: 0;\n  bottom: 0;\n  width: 100%;\n  background-color: #ffffff;\n  color: white;\n  text-align: center;\n}\n</style>\n\n<div class=\"footer\">\n  <p> <img alt=\"Smiley face\" height=\"50\" src=\"/files/ISO.jpg\" width=\"1200\"> </p>\n</div>",
  "image": null,
  "is_default": 0,
  "letter_head_name": "Restaurant",
  "modified": "2020-10-08 00:14:55.754458",
  "name": "Restaurant",
  "parent": null,
  "parentfield": null,
  "parenttype": null,
  "source": "Image"
 },
 {
  "content": "<img src=\"/files/Taazur General Logo.jpg\" style=\"width: 100%;\">",
  "disabled": 1,
  "docstatus": 0,
  "doctype": "Letter Head",
  "footer": null,
  "image": "/files/Taazur General Logo.jpg",
  "is_default": 0,
  "letter_head_name": "Taazur Without Footer",
  "modified": "2020-10-08 00:33:59.170849",
  "name": "Taazur Without Footer",
  "parent": null,
  "parentfield": null,
  "parenttype": null,
  "source": "Image"
 },
 {
  "content": "<img src=\"/files/lo.png\" style=\"width: 100%;\">",
  "disabled": 1,
  "docstatus": 0,
  "doctype": "Letter Head",
  "footer": "",
  "image": "/files/lo.png",
  "is_default": 0,
  "letter_head_name": "Taazur ERPNext",
  "modified": "2020-10-08 00:33:22.196675",
  "name": "Taazur ERPNext",
  "parent": null,
  "parentfield": null,
  "parenttype": null,
  "source": "Image"
 },
 {
  "content": "<img src=\"/files/lo1.png\" style=\"width: 100%;\">",
  "disabled": 1,
  "docstatus": 0,
  "doctype": "Letter Head",
  "footer": "",
  "image": "/files/lo1.png",
  "is_default": 0,
  "letter_head_name": "IT Support",
  "modified": "2020-10-08 00:25:29.032976",
  "name": "IT Support",
  "parent": null,
  "parentfield": null,
  "parenttype": null,
  "source": "Image"
 },
 {
  "content": "<img src=\"/files/Taazur_Transportation.png\" style=\"width: 100%;\">",
  "disabled": 1,
  "docstatus": 0,
  "doctype": "Letter Head",
  "footer": "<table style=\"width: 100%;\"><tbody><tr><td style=\"width: 66.7429%;\"><p><span style=\"font-family: Tahoma,Geneva,sans-serif;\"><strong>Taazur Transportation Company Limited</strong></span></p><p><span style=\"font-family: Tahoma,Geneva,sans-serif;\">P.O Box: 120 Ras Tanurah 31941 Saudi Arabia</span></p><p><span style=\"font-family: Tahoma,Geneva,sans-serif;\">Tel: +966 802 1801 Fax: +966 13 802 1797</span></p><p><span style=\"font-family: Tahoma,Geneva,sans-serif;\">C.R 2066000272&nbsp; &nbsp; &nbsp; &nbsp; &nbsp; &nbsp; &nbsp; &nbsp; &nbsp; &nbsp; &nbsp; &nbsp; &nbsp; &nbsp; &nbsp; &nbsp; &nbsp; &nbsp; &nbsp; &nbsp; &nbsp; &nbsp; &nbsp; &nbsp; &nbsp; &nbsp; &nbsp; &nbsp; &nbsp; &nbsp; &nbsp; &nbsp; &nbsp; &nbsp; &nbsp;www.taazur.com</span></p></td><td style=\"width: 33.1428%;\"><img class=\"fr-fic fr-dib\" src=\"https://erp.taazur.com/files/ISO.jpg\" style=\"width: 300px;\"></td></tr></tbody></table><p><br></p>",
  "image": "/files/Taazur_Transportation.png",
  "is_default": 0,
  "letter_head_name": "OLD Taazur Transportation",
  "modified": "2020-10-12 20:55:16.546689",
  "name": "OLD Taazur Transportation",
  "parent": null,
  "parentfield": null,
  "parenttype": null,
  "source": "Image"
 },
 {
  "content": "<style> \n        .x { \n            -moz-column-count: 1; \n            column-count: 1; \n            width: 100%; \n        }\n</style>\n    <div class=\"x\"> \n    <pre style=\"background-color: #FDFEFE; width: 100%;\"><b style=\"width: 100%; text-align: center; font-size: 18px;\"><img src=\"/files/LogoHOS.png\" style=\"width: 150px;\">THE HOUSE OF SPICES COMPANY LIMITED</b><br><font style=\"width: 100%; text-align: centre; font-size: 11px;\">P.O.Box: 120, Ras Tanurah 31941, Kingdom of Saudi Arabia,<br>Website:www.taazur..com, Email:info@taazur.com,Telephone: +966-13-8021801</font>\n</pre></div>",
  "disabled": 1,
  "docstatus": 0,
  "doctype": "Letter Head",
  "footer": "",
  "image": null,
  "is_default": 0,
  "letter_head_name": "OLD House Of Spices",
  "modified": "2020-10-12 20:55:27.165995",
  "name": "OLD House Of Spices",
  "parent": null,
  "parentfield": null,
  "parenttype": null,
  "source": "Image"
 },
 {
  "content": "<br>\n<table style=\"width: 100%;\"><tbody>\n<tr>\n<td style=\"width: 100%; text-align: right; font-size: 20px;\">Taazur Tansportation  <br> \u062a\u0639\u0632\u064a\u0631 \u0644\u0644\u0646\u0642\u0644\u064a\u0627\u062a </td>\n</tr></tbody>\n</table>\n\n<br>\n\n<table style=\"width: 100%;\"><tbody>\n<tr>\n<td style=\"width: 50%; text-align: left;\"><u><b>Address:</b></u><br>P.O.Box: 120, Ras Tanurah 31941,<br>Kingdom of Saudi Arabia<br>Our VAT:\t300521384900003</td>\n<td style=\"width: 50%; text-align: right;\"><u><b>:\u0627\u0644\u0639\u0646\u0648\u0627\u0646</b></u>\n<br>\n\n\u0635.\u0628 120 \u060c \u0631\u0623\u0633 \u062a\u0646\u0648\u0631\u0629 \u060c \u0627\u0644\u0645\u0645\u0644\u0643\u0629 \u0627\u0644\u0639\u0631\u0628\u064a\u0629 \u0627\u0644\u0633\u0639\u0648\u062f\u064a\u0629 \u060c 31941 \u060c \u0627\u0644\u0645\u0645\u0644\u0643\u0629 \u0627\u0644\u0639\u0631\u0628\u064a\u0629 \u0627\u0644\u0633\u0639\u0648\u062f\u064a\u0629\n<br>300521384900003\t:\u0631\u0642\u0645\u0646\u0627 \u0627\u0644\u0636\u0631\u064a\u0628\u064a\n</td>\n</tr></tbody>\n</table>",
  "disabled": 1,
  "docstatus": 0,
  "doctype": "Letter Head",
  "footer": null,
  "image": null,
  "is_default": 0,
  "letter_head_name": "Taazur Transportation old",
  "modified": "2020-10-14 16:03:56.322698",
  "name": "Taazur Transportation old",
  "parent": null,
  "parentfield": null,
  "parenttype": null,
  "source": "Image"
 },
 {
  "content": "\n<br>\n<table style=\"width: 100%;\"><tbody>\n<tr>\n<td style=\"width: 100%; text-align: right; font-size: 20px;\">Future Equipments Trading Company <br> \u0634\u0631\u0643\u0629 \u0645\u0639\u062f\u0627\u062a \u0627\u0644\u0645\u0633\u062a\u0642\u0628\u0644 \u0627\u0644\u062a\u062c\u0627\u0631\u064a\u0629 </td>\n</tr></tbody>\n</table>\n\n<br>\n\n<table style=\"width: 100%;\"><tbody>\n<tr>\n<td style=\"width: 50%; text-align: left;\"><u><b>Address:</b></u><br>P.O.Box: 120, Ras Tanurah 31941,<br>Kingdom of Saudi Arabia<br>Our VAT:\t300521384900003</td>\n<td style=\"width: 50%; text-align: right;\"><u><b> :\u0627\u0644\u0639\u0646\u0648\u0627\u0646 </b></u>\n<br>\n\n\u0635.\u0628 120 \u060c \u0631\u0623\u0633 \u062a\u0646\u0648\u0631\u0629 \u060c \u0627\u0644\u0645\u0645\u0644\u0643\u0629 \u0627\u0644\u0639\u0631\u0628\u064a\u0629 \u0627\u0644\u0633\u0639\u0648\u062f\u064a\u0629 \u060c 31941 \u060c \u0627\u0644\u0645\u0645\u0644\u0643\u0629 \u0627\u0644\u0639\u0631\u0628\u064a\u0629 \u0627\u0644\u0633\u0639\u0648\u062f\u064a\u0629\n<br>300521384900003\t:\u0631\u0642\u0645\u0646\u0627 \u0627\u0644\u0636\u0631\u064a\u0628\u064a\n</td>\n</tr></tbody>\n</table>",
  "disabled": 1,
  "docstatus": 0,
  "doctype": "Letter Head",
  "footer": null,
  "image": null,
  "is_default": 0,
  "letter_head_name": "Future Equipments old",
  "modified": "2020-10-31 09:33:44.357508",
  "name": "Future Equipments old",
  "parent": null,
  "parentfield": null,
  "parenttype": null,
  "source": "Image"
 },
 {
  "content": "<table style=\"width: 100%;\"><tbody>\n<tr>\n<td style=\"width: 30%; text-align: left;\"><img src=\"/files/LogoHOS.png\" style=\"width: 150px;\"></td>\n<td style=\"width: 70%; text-align: right; font-size: 18px;\"><br><b>The House Of Spices Company Limited <br> \u0634\u0640\u0640\u0640\u0640\u0640\u0631\u0643\u0640\u0640\u0640\u0640\u0640\u0629 \u0628\u0640\u0640\u064a\u0640\u0640\u0640\u0640\u062a \u0627\u0644\u062a\u0640\u0640\u0640\u0640\u0640\u0648\u0627\u0628\u0640\u0640\u0640\u0640\u0640\u0644 \u0627\u0644\u0640\u0640\u0645\u0640\u0640\u0640\u0640\u0640\u0640\u062d\u0640\u0640\u062f\u0648\u062f\u0629 </b>\n</td></tr>\n</tbody>\n</table>\n\n<br>\n\n<table style=\"width: 100%;\"><tbody>\n<tr>\n<td style=\"width: 50%; text-align: left;\"><u><b>Address:</b></u><br>P.O.Box: 120, Ras Tanurah 31941,<br>Kingdom of Saudi Arabia<br>Our VAT:\t300521384900003</td>\n<td style=\"width: 50%; text-align: right;\"><u><b>:\u0627\u0644\u0639\u0646\u0648\u0627\u0646</b></u>\n<br>\n\n\u0635.\u0628 120 \u060c \u0631\u0623\u0633 \u062a\u0646\u0648\u0631\u0629 \u060c \u0627\u0644\u0645\u0645\u0644\u0643\u0629 \u0627\u0644\u0639\u0631\u0628\u064a\u0629 \u0627\u0644\u0633\u0639\u0648\u062f\u064a\u0629 \u060c 31941 \u060c \u0627\u0644\u0645\u0645\u0644\u0643\u0629 \u0627\u0644\u0639\u0631\u0628\u064a\u0629 \u0627\u0644\u0633\u0639\u0648\u062f\u064a\u0629\n<br>300521384900003\t:\u0631\u0642\u0645\u0646\u0627 \u0627\u0644\u0636\u0631\u064a\u0628\u064a\n</td>\n</tr></tbody>\n</table>\n\n",
  "disabled": 0,
  "docstatus": 0,
  "doctype": "Letter Head",
  "footer": null,
  "image": null,
  "is_default": 0,
  "letter_head_name": "House of Spices",
  "modified": "2021-01-13 17:45:16.928741",
  "name": "House of Spices",
  "parent": null,
  "parentfield": null,
  "parenttype": null,
  "source": "HTML"
 },
 {
  "content": "<br>\n<table style=\"width: 100%;\"><tbody>\n<tr>\n<td style=\"width: 30%; text-align: left;\"><img src=\"/files/LogoTaazurTransportation.png\" style=\"width: 100px;\"></td>\n<td style=\"width: 100%; text-align: right; font-size: 20px;\">Taazur Tansportation  <br> \u062a\u0639\u0632\u064a\u0631 \u0644\u0644\u0646\u0642\u0644\u064a\u0627\u062a </td>\n</tr></tbody>\n</table>\n\n<br>\n\n<table style=\"width: 100%;\"><tbody>\n<tr>\n<td style=\"width: 50%; text-align: left;\"><u><b>Address:</b></u><br>P.O.Box: 120, Ras Tanurah 31941,<br>Kingdom of Saudi Arabia<br>Our VAT:\t300521384900003</td>\n<td style=\"width: 50%; text-align: right;\"><u><b>:\u0627\u0644\u0639\u0646\u0648\u0627\u0646</b></u>\n<br>\n\n\u0635.\u0628 120 \u060c \u0631\u0623\u0633 \u062a\u0646\u0648\u0631\u0629 \u060c \u0627\u0644\u0645\u0645\u0644\u0643\u0629 \u0627\u0644\u0639\u0631\u0628\u064a\u0629 \u0627\u0644\u0633\u0639\u0648\u062f\u064a\u0629 \u060c 31941 \u060c \u0627\u0644\u0645\u0645\u0644\u0643\u0629 \u0627\u0644\u0639\u0631\u0628\u064a\u0629 \u0627\u0644\u0633\u0639\u0648\u062f\u064a\u0629\n<br>300521384900003\t:\u0631\u0642\u0645\u0646\u0627 \u0627\u0644\u0636\u0631\u064a\u0628\u064a\n</td>\n</tr></tbody>\n</table>",
  "disabled": 1,
  "docstatus": 0,
  "doctype": "Letter Head",
  "footer": null,
  "image": null,
  "is_default": 0,
  "letter_head_name": "Taazur Transportation Logo",
  "modified": "2020-10-13 23:20:32.131512",
  "name": "Taazur Transportation Logo",
  "parent": null,
  "parentfield": null,
  "parenttype": null,
  "source": "Image"
 },
 {
  "content": "<br>\n<table style=\"width: 100%;\"><tbody>\n<tr>\n<td style=\"width: 30%; text-align: left;\"><img src=\"/files/LogoFutureEquipments.png\" style=\"width: 100px;\"></td>\n<td style=\"width: 100%; text-align: right; font-size: 20px;\">Future Equipments Trading Company <br> \u0634\u0631\u0643\u0629 \u0645\u0639\u062f\u0627\u062a \u0627\u0644\u0645\u0633\u062a\u0642\u0628\u0644 \u0627\u0644\u062a\u062c\u0627\u0631\u064a\u0629 </td>\n</tr></tbody>\n</table>\n\n<br>\n\n<table style=\"width: 100%;\"><tbody>\n<tr>\n<td style=\"width: 50%; text-align: left;\"><u><b>Address:</b></u><br>P.O.Box: 120, Ras Tanurah 31941,<br>Kingdom of Saudi Arabia<br>Our VAT:\t300521384900003</td>\n<td style=\"width: 50%; text-align: right;\"><u><b> :\u0627\u0644\u0639\u0646\u0648\u0627\u0646 </b></u>\n<br>\n\n\u0635.\u0628 120 \u060c \u0631\u0623\u0633 \u062a\u0646\u0648\u0631\u0629 \u060c \u0627\u0644\u0645\u0645\u0644\u0643\u0629 \u0627\u0644\u0639\u0631\u0628\u064a\u0629 \u0627\u0644\u0633\u0639\u0648\u062f\u064a\u0629 \u060c 31941 \u060c \u0627\u0644\u0645\u0645\u0644\u0643\u0629 \u0627\u0644\u0639\u0631\u0628\u064a\u0629 \u0627\u0644\u0633\u0639\u0648\u062f\u064a\u0629\n<br>300521384900003\t:\u0631\u0642\u0645\u0646\u0627 \u0627\u0644\u0636\u0631\u064a\u0628\u064a\n</td>\n</tr></tbody>\n</table>",
  "disabled": 1,
  "docstatus": 0,
  "doctype": "Letter Head",
  "footer": null,
  "image": null,
  "is_default": 0,
  "letter_head_name": "Future Equipments Logo",
  "modified": "2020-10-13 23:20:43.582327",
  "name": "Future Equipments Logo",
  "parent": null,
  "parentfield": null,
  "parenttype": null,
  "source": "Image"
 },
 {
  "content": "<table style=\"width: 100%;\"><tbody>\n<tr>\n<td style=\"width: 30%; text-align: left;\"><img src=\"/files/LogoFutureEquipments.png\" style=\"width: 100px;\"></td>\n<td style=\"width: 100%; text-align: right; font-size: 20px;\"></td>\n</tr></tbody>\n</table>",
  "disabled": 0,
  "docstatus": 0,
  "doctype": "Letter Head",
  "footer": "",
  "image": null,
  "is_default": 0,
  "letter_head_name": "Future Equipments Logo Only",
  "modified": "2020-10-14 17:50:23.276884",
  "name": "Future Equipments Logo Only",
  "parent": null,
  "parentfield": null,
  "parenttype": null,
  "source": "Image"
 },
 {
  "content": "<br>\n<br>\n<br>\n<br>",
  "disabled": 0,
  "docstatus": 0,
  "doctype": "Letter Head",
  "footer": null,
  "image": null,
  "is_default": 0,
  "letter_head_name": "No Letterhead",
  "modified": "2020-10-14 16:26:41.254643",
  "name": "No Letterhead",
  "parent": null,
  "parentfield": null,
  "parenttype": null,
  "source": "Image"
 },
 {
  "content": "<table style=\"width: 100%;\"><tbody>\n<tr>\n<td style=\"width: 30%; text-align: left;\"><img src=\"/files/LogoTaazurContracting.png\" style=\"width: 100px;\"></td>\n<td style=\"width: 100%; text-align: right; font-size: 20px;\"></td>\n</tr></tbody>\n</table>",
  "disabled": 0,
  "docstatus": 0,
  "doctype": "Letter Head",
  "footer": "<table style=\"width: 100%;\"><tbody>\n<tr>\n<td style=\"width: 100%; text-align: left;\"><img src=\"/files/Footer Contracting.png\" style=\"width: 100px;\"></td>\n</tr></tbody>\n</table>",
  "image": null,
  "is_default": 0,
  "letter_head_name": "Develop",
  "modified": "2020-10-14 18:17:42.770461",
  "name": "Develop",
  "parent": null,
  "parentfield": null,
  "parenttype": null,
  "source": "Image"
 },
 {
  "content": "<br>\n<table style=\"width: 100%;\"><tbody>\n<tr>\n<td style=\"width: 100%; text-align: right; font-size: 20px;\">Taazur General Contracting Company Limited <br>\u0634\u0631\u0643\u0629 \u062a\u0622\u0632\u0631 \u0644\u0644\u0645\u0642\u0627\u0648\u0644\u0627\u062a \u0627\u0644\u0639\u0627\u0645\u0629 \u0627\u0644\u0645\u062d\u062f\u0648\u062f\u0629 </td>\n</tr></tbody>\n</table>\n\n<br>\n\n<table style=\"width: 100%;\"><tbody>\n<tr>\n<td style=\"width: 50%; text-align: left;\"><u><b>Address:</b></u><br>P.O.Box: 120, Ras Tanurah 31941,<br>Kingdom of Saudi Arabia<br>Our VAT:\t300521384900003</td>\n<td style=\"width: 50%; text-align: right;\"><u><b>:\u0627\u0644\u0639\u0646\u0648\u0627\u0646</b></u>\n<br>\n\n\u0635.\u0628 120 \u060c \u0631\u0623\u0633 \u062a\u0646\u0648\u0631\u0629 \u060c \u0627\u0644\u0645\u0645\u0644\u0643\u0629 \u0627\u0644\u0639\u0631\u0628\u064a\u0629 \u0627\u0644\u0633\u0639\u0648\u062f\u064a\u0629 \u060c 31941 \u060c \u0627\u0644\u0645\u0645\u0644\u0643\u0629 \u0627\u0644\u0639\u0631\u0628\u064a\u0629 \u0627\u0644\u0633\u0639\u0648\u062f\u064a\u0629\n<br>300521384900003\t:\u0631\u0642\u0645\u0646\u0627 \u0627\u0644\u0636\u0631\u064a\u0628\u064a\n</td>\n</tr></tbody>\n</table>",
  "disabled": 0,
  "docstatus": 0,
  "doctype": "Letter Head",
  "footer": "",
  "image": null,
  "is_default": 0,
  "letter_head_name": "Taazur Contracting old1",
  "modified": "2020-10-21 21:39:54.458468",
  "name": "Taazur Contracting old1",
  "parent": null,
  "parentfield": null,
  "parenttype": null,
  "source": "Image"
 },
 {
  "content": "<div><img src=\"/files/kOIYBAH.png\"></div>",
  "disabled": 1,
  "docstatus": 0,
  "doctype": "Letter Head",
  "footer": "<div style=\"direction: rtl; text-align: center;\"><span style=\"color: rgb(0, 102, 204);\">===============================================================================================</span></div><div style=\"direction: rtl; text-align: center;\"><strong>\u0627\u0644\u0639\u0646\u0648\u0627\u0646: \u0627\u0644\u0639\u0642\u0627\u0631 4189 \u0639\u0645\u0627\u0631\u0629 \u0628\u0633\u0646\u062a \u0634\u0642\u0629 502 \u0627\u0644\u0645\u0639\u0627\u062f\u064a- \u0627\u0644\u0645\u0639\u0631\u0627\u062c \u0627\u0644\u0639\u0644\u0648\u064a -\u0642\u0633\u0645 \u0627\u0644\u0628\u0633\u0627\u0646\u064a\u0646- \u0627\u0644\u0642\u0627\u0647\u0631\u0629 \u0645\u0648\u0628\u0627\u064a\u0644: +201200147777 \u060c+201061044970</strong></div><div style=\"direction: rtl; text-align: center;\"><strong>Address: Building. No. 4189 Basant Bldg, Apartment No. 502 Maadi \u2013 Cairo Mobile: 201061044970, +2010200147777 </strong></div><div style=\"direction: rtl; text-align: center;\"><strong>Email. </strong><a href=\"mailto:egypt@taazur.com\"><strong>egypt@taazur.com</strong></a><strong> </strong></div><div style=\"direction: rtl; text-align: center;\"><br></div>",
  "image": null,
  "is_default": 0,
  "letter_head_name": "Taazur Egypt",
  "modified": "2020-10-08 00:40:12.499282",
  "name": "Taazur Egypt",
  "parent": null,
  "parentfield": null,
  "parenttype": null,
  "source": "Image"
 },
 {
  "content": "<table style=\"width: 100%;\">\n    <tbody>\n    \n    <tr>\n     <td style=\"width: 40%; text-align: left;\"><img src=\"/files/LogoTaazurContracting.png\" style=\"width: 100%px;\"></td>   \n     <td style=\"width: 10%;\"></td>\n     <td style=\"width: 50%; text-align: right; font-size: 17px;\"><b>Taazur General Contracting Company Limited <br>\u0634\u0631\u0643\u0629 \u062a\u0622\u0632\u0631 \u0644\u0644\u0645\u0642\u0627\u0648\u0644\u0627\u062a \u0627\u0644\u0639\u0627\u0645\u0629 \u0627\u0644\u0645\u062d\u062f\u0648\u062f\u0629</b></td>\n    </tr>\n <tr>\n        <td style=\"font-size: 14px; text-align: left;\"><p></p></td>   \n        <td></td>\n        <td style=\"font-size: 14px; text-align: right;\"><p></p></td>\n       </tr>\n       \n    <tr>\n        <td style=\"font-size: 14px; text-align: left;\"><u><b>Address:</b></u></td>   \n        <td></td>\n        <td style=\"font-size: 14px; text-align: right;\"><u><b>:\u0627\u0644\u0639\u0646\u0648\u0627\u0646</b></u></td>\n       </tr>\n    <tr>\n     <td style=\"font-size: 14px; text-align: left;\">P.O.Box: 120 Ras Tanurah 31941 Saudi Arabia</td>   \n     <td></td>\n     <td style=\"font-size: 14px; text-align: right;\">\u0635.\u0628: 120 \u0631\u0623\u0633 \u062a\u0646\u0648\u0631\u0629 31941 \u0627\u0644\u0645\u0645\u0644\u0643\u0629 \u0627\u0644\u0639\u0631\u0628\u064a\u0629 \u0627\u0644\u0633\u0639\u0648\u062f\u064a\u0629</td>\n    </tr>\n       <tr>\n        <td style=\"font-size: 14px; text-align: left;\">Our VAT: 300521384900003</td>   \n        <td></td>\n        <td style=\"font-size: 14px; text-align: right;\">300521384900003 :\u0631\u0642\u0645\u0646\u0627 \u0627\u0644\u0636\u0631\u064a\u0628\u064a</td>\n       </tr>\n    \n    </tbody>\n    </table>",
  "disabled": 0,
  "docstatus": 0,
  "doctype": "Letter Head",
  "footer": "<style>\n.footer {\n   position: fixed;\n   left: 0;\n   bottom: 0;\n}\n</style>\n<table class=\"footer\" style=\"width: 100%;\"><tbody>\n<tr>\n<td style=\"width: 100%; text-align: left;\"><img src=\"/files/Footer Contracting.png\" style=\"width: 100%;\"></td>\n</tr></tbody>\n</table>",
  "image": null,
  "is_default": 0,
  "letter_head_name": "TGC",
  "modified": "2021-01-17 08:28:59.515342",
  "name": "TGC",
  "parent": null,
  "parentfield": null,
  "parenttype": null,
  "source": "HTML"
 },
 {
  "content": "\n<table style=\"width: 100%;\"><tbody>\n<tr>\n<td style=\"width: 30%; text-align: left;\"><img src=\"/files/LogoTaazurContracting.png\" style=\"width: 100px;\"></td>\n<td style=\"width: 100%; text-align: right; font-size: 20px;\">Taazur General Contracting Company Limited <br>\u0634\u0631\u0643\u0629 \u062a\u0622\u0632\u0631 \u0644\u0644\u0645\u0642\u0627\u0648\u0644\u0627\u062a \u0627\u0644\u0639\u0627\u0645\u0629 \u0627\u0644\u0645\u062d\u062f\u0648\u062f\u0629 </td>\n</tr></tbody>\n</table>\n\n<br>\n\n<table style=\"width: 100%;\"><tbody>\n<tr>\n<td style=\"width: 50%; text-align: left;\"><u><b>Address:</b></u><br>P.O.Box: 120, Ras Tanurah 31941,<br>Kingdom of Saudi Arabia<br>Our VAT:\t300521384900003</td>\n<td style=\"width: 50%; text-align: right;\"><u><b>:\u0627\u0644\u0639\u0646\u0648\u0627\u0646</b></u>\n<br>\n\n\u0635.\u0628 120 \u060c \u0631\u0623\u0633 \u062a\u0646\u0648\u0631\u0629 \u060c \u0627\u0644\u0645\u0645\u0644\u0643\u0629 \u0627\u0644\u0639\u0631\u0628\u064a\u0629 \u0627\u0644\u0633\u0639\u0648\u062f\u064a\u0629 \u060c 31941 \u060c \u0627\u0644\u0645\u0645\u0644\u0643\u0629 \u0627\u0644\u0639\u0631\u0628\u064a\u0629 \u0627\u0644\u0633\u0639\u0648\u062f\u064a\u0629\n<br>300521384900003\t:\u0631\u0642\u0645\u0646\u0627 \u0627\u0644\u0636\u0631\u064a\u0628\u064a\n</td>\n</tr></tbody>\n</table>",
  "disabled": 0,
  "docstatus": 0,
  "doctype": "Letter Head",
  "footer": "<table style=\"width: 100%;\"><tbody>\n<tr>\n<td style=\"width: 100%; text-align: left;\"><img src=\"/files/Footer Contracting.png\" style=\"width: 100%;\"></td>\n</tr></tbody>\n</table>",
  "image": null,
  "is_default": 0,
  "letter_head_name": "Taazur Contracting Logo",
  "modified": "2020-12-22 20:44:07.429505",
  "name": "Taazur Contracting Logo",
  "parent": null,
  "parentfield": null,
  "parenttype": null,
  "source": "HTML"
 },
 {
  "content": "<table style=\"width: 100%;\"><tbody>\n<tr>\n<td style=\"width: 30%; text-align: left;\"><img src=\"/files/LogoTaazurTransportation.png\" style=\"width: 100px;\"></td>\n<td style=\"width: 100%; text-align: right; font-size: 20px;\"></td>\n</tr></tbody>\n</table>",
  "disabled": 0,
  "docstatus": 0,
  "doctype": "Letter Head",
  "footer": "<table style=\"width: 100%;\"><tbody>\n<tr>\n<td style=\"width: 100%; text-align: left;\"><img src=\"/files/transportation footer.png\" style=\"width: 100%;\"></td>\n</tr></tbody>\n</table>",
  "image": null,
  "is_default": 0,
  "letter_head_name": "Transportation Logo Only",
  "modified": "2020-11-17 14:23:31.622095",
  "name": "Transportation Logo Only",
  "parent": null,
  "parentfield": null,
  "parenttype": null,
  "source": "HTML"
 },
 {
  "content": "<table style=\"width: 100%;\"><tbody>\n<tr>\n<td style=\"width: 30%; text-align: left;\"><img src=\"/files/LogoTaazurContracting.png\" style=\"width: 100px;\"></td>\n<td style=\"width: 100%; text-align: right; font-size: 20px;\"></td>\n</tr></tbody>\n</table>",
  "disabled": 0,
  "docstatus": 0,
  "doctype": "Letter Head",
  "footer": "",
  "image": null,
  "is_default": 0,
  "letter_head_name": "Taazur Contracting old",
  "modified": "2020-10-21 21:41:56.613614",
  "name": "Taazur Contracting old",
  "parent": null,
  "parentfield": null,
  "parenttype": null,
  "source": "Image"
 },
 {
  "content": "\n<table style=\"width: 100%;\"><tbody>\n<tr>\n<td style=\"width: 30%; text-align: left;\"><img src=\"/files/LogoTaazurContracting.png\" style=\"width: 100px;\"></td>\n<td style=\"width: 100%; text-align: right; font-size: 20px;\">Taazur General Contracting Company Limited <br>\u0634\u0631\u0643\u0629 \u062a\u0622\u0632\u0631 \u0644\u0644\u0645\u0642\u0627\u0648\u0644\u0627\u062a \u0627\u0644\u0639\u0627\u0645\u0629 \u0627\u0644\u0645\u062d\u062f\u0648\u062f\u0629 </td>\n</tr></tbody>\n</table>\n\n<br>\n\n<table style=\"width: 100%;\"><tbody>\n<tr>\n<td style=\"width: 50%; text-align: left;\"><u><b>Address:</b></u><br>P.O.Box: 120, Ras Tanurah 31941,<br>Kingdom of Saudi Arabia<br>Our VAT:\t300521384900003</td>\n<td style=\"width: 50%; text-align: right;\"><u><b>:\u0627\u0644\u0639\u0646\u0648\u0627\u0646</b></u>\n<br>\n\u0635.\u0628 120 \u060c \u0631\u0623\u0633 \u062a\u0646\u0648\u0631\u0629 \u060c \u0627\u0644\u0645\u0645\u0644\u0643\u0629 \u0627\u0644\u0639\u0631\u0628\u064a\u0629 \u0627\u0644\u0633\u0639\u0648\u062f\u064a\u0629 \u060c 31941 \u060c \u0627\u0644\u0645\u0645\u0644\u0643\u0629 \u0627\u0644\u0639\u0631\u0628\u064a\u0629 \u0627\u0644\u0633\u0639\u0648\u062f\u064a\u0629\n<br>300521384900003\t:\u0631\u0642\u0645\u0646\u0627 \u0627\u0644\u0636\u0631\u064a\u0628\u064a\n</td>\n</tr></tbody>\n</table>",
  "disabled": 1,
  "docstatus": 0,
  "doctype": "Letter Head",
  "footer": "\n<table style=\"width: 100%;\"><tbody>\n<tr>\n<td style=\"width: 100%; text-align: left;\"><img src=\"/files/Footer Contracting.png\" style=\"width: 100%;\"></td>\n</tr></tbody>\n</table>",
  "image": null,
  "is_default": 0,
  "letter_head_name": "VAT",
  "modified": "2021-01-13 14:30:03.221707",
  "name": "VAT",
  "parent": null,
  "parentfield": null,
  "parenttype": null,
  "source": "HTML"
 },
 {
  "content": "<table style=\"width: 100%;\"><tbody>\n<tr>\n<td style=\"width: 30%; text-align: left;\"><img src=\"/files/LogoTaazurContracting.png\" style=\"width: 100px;\"></td>\n<td style=\"width: 100%; text-align: right; font-size: 20px;\"></td>\n</tr></tbody>\n</table>",
  "disabled": 0,
  "docstatus": 0,
  "doctype": "Letter Head",
  "footer": "<table style=\"width: 100%;\"><tbody>\n<tr>\n<td style=\"width: 100%; text-align: left;\"><img src=\"/files/Footer Contracting.png\" style=\"width: 100%;\"></td>\n</tr></tbody>\n</table>",
  "image": null,
  "is_default": 1,
  "letter_head_name": "Contracting Logo only",
  "modified": "2020-10-26 14:40:10.570930",
  "name": "Contracting Logo only",
  "parent": null,
  "parentfield": null,
  "parenttype": null,
  "source": "Image"
 }
]