[
 {
  "docstatus": 0,
  "doctype": "Workflow",
  "document_type": "Expense Claim",
  "is_active": 0,
  "modified": "2020-10-21 11:11:03.951058",
  "name": "Expense Claim",
  "override_status": 1,
  "parent": null,
  "parentfield": null,
  "parenttype": null,
  "send_email_alert": 0,
  "states": [
   {
    "allow_edit": "Expense Approver",
    "doc_status": "0",
    "is_optional_state": 0,
    "message": null,
    "next_action_email_template": null,
    "parent": "Expense Claim",
    "parentfield": "states",
    "parenttype": "Workflow",
    "state": "Waiting For Approval",
    "update_field": null,
    "update_value": null
   },
   {
    "allow_edit": "Accounts Manager",
    "doc_status": "0",
    "is_optional_state": 0,
    "message": null,
    "next_action_email_template": null,
    "parent": "Expense Claim",
    "parentfield": "states",
    "parenttype": "Workflow",
    "state": "Approved by Line Manager",
    "update_field": "approval_status",
    "update_value": "Approved"
   },
   {
    "allow_edit": "Expense Approver",
    "doc_status": "0",
    "is_optional_state": 0,
    "message": null,
    "next_action_email_template": null,
    "parent": "Expense Claim",
    "parentfield": "states",
    "parenttype": "Workflow",
    "state": "Rejected by Line Manager",
    "update_field": "approval_status",
    "update_value": "Rejected"
   },
   {
    "allow_edit": "Accounts Manager",
    "doc_status": "1",
    "is_optional_state": 0,
    "message": null,
    "next_action_email_template": null,
    "parent": "Expense Claim",
    "parentfield": "states",
    "parenttype": "Workflow",
    "state": "Approved by Finance Manager",
    "update_field": null,
    "update_value": "Approved by Finance Manager"
   },
   {
    "allow_edit": "Accounts Manager",
    "doc_status": "0",
    "is_optional_state": 0,
    "message": null,
    "next_action_email_template": null,
    "parent": "Expense Claim",
    "parentfield": "states",
    "parenttype": "Workflow",
    "state": "Rejected by Finance Manager",
    "update_field": null,
    "update_value": "Rejected by Finance Manager"
   }
  ],
  "transitions": [
   {
    "action": "Approve",
    "allow_self_approval": 0,
    "allowed": "Expense Approver",
    "condition": null,
    "next_state": "Approved by Line Manager",
    "parent": "Expense Claim",
    "parentfield": "transitions",
    "parenttype": "Workflow",
    "state": "Waiting For Approval"
   },
   {
    "action": "Reject",
    "allow_self_approval": 0,
    "allowed": "Expense Approver",
    "condition": null,
    "next_state": "Rejected by Line Manager",
    "parent": "Expense Claim",
    "parentfield": "transitions",
    "parenttype": "Workflow",
    "state": "Waiting For Approval"
   },
   {
    "action": "Approve",
    "allow_self_approval": 1,
    "allowed": "Accounts Manager",
    "condition": null,
    "next_state": "Approved by Finance Manager",
    "parent": "Expense Claim",
    "parentfield": "transitions",
    "parenttype": "Workflow",
    "state": "Approved by Line Manager"
   },
   {
    "action": "Reject",
    "allow_self_approval": 1,
    "allowed": "Accounts Manager",
    "condition": null,
    "next_state": "Rejected by Finance Manager",
    "parent": "Expense Claim",
    "parentfield": "transitions",
    "parenttype": "Workflow",
    "state": "Approved by Line Manager"
   }
  ],
  "workflow_name": "Expense Claim",
  "workflow_state_field": "workflow_state"
 },
 {
  "docstatus": 0,
  "doctype": "Workflow",
  "document_type": "Loan Application",
  "is_active": 1,
  "modified": "2020-07-28 14:16:36.581485",
  "name": "Loan",
  "override_status": 0,
  "parent": null,
  "parentfield": null,
  "parenttype": null,
  "send_email_alert": 0,
  "states": [
   {
    "allow_edit": "Special Site Users",
    "doc_status": "0",
    "is_optional_state": 0,
    "message": null,
    "next_action_email_template": null,
    "parent": "Loan",
    "parentfield": "states",
    "parenttype": "Workflow",
    "state": "Waiting For Approval",
    "update_field": null,
    "update_value": null
   },
   {
    "allow_edit": "Loan Approves",
    "doc_status": "0",
    "is_optional_state": 0,
    "message": null,
    "next_action_email_template": null,
    "parent": "Loan",
    "parentfield": "states",
    "parenttype": "Workflow",
    "state": "Approved by Line Manager",
    "update_field": "status",
    "update_value": "Approved"
   },
   {
    "allow_edit": "Loan Approves",
    "doc_status": "0",
    "is_optional_state": 0,
    "message": null,
    "next_action_email_template": null,
    "parent": "Loan",
    "parentfield": "states",
    "parenttype": "Workflow",
    "state": "Rejected by Line Manager",
    "update_field": "status",
    "update_value": "Rejected"
   },
   {
    "allow_edit": "HR Manager",
    "doc_status": "1",
    "is_optional_state": 0,
    "message": null,
    "next_action_email_template": null,
    "parent": "Loan",
    "parentfield": "states",
    "parenttype": "Workflow",
    "state": "Approved by HR Manager",
    "update_field": "status",
    "update_value": "Approved"
   },
   {
    "allow_edit": "HR Manager",
    "doc_status": "0",
    "is_optional_state": 0,
    "message": null,
    "next_action_email_template": null,
    "parent": "Loan",
    "parentfield": "states",
    "parenttype": "Workflow",
    "state": "Rejected By HR Manager",
    "update_field": "status",
    "update_value": "Rejected"
   }
  ],
  "transitions": [
   {
    "action": "Approve",
    "allow_self_approval": 0,
    "allowed": "Loan Approves",
    "condition": null,
    "next_state": "Approved by Line Manager",
    "parent": "Loan",
    "parentfield": "transitions",
    "parenttype": "Workflow",
    "state": "Waiting For Approval"
   },
   {
    "action": "Reject",
    "allow_self_approval": 0,
    "allowed": "Loan Approves",
    "condition": null,
    "next_state": "Rejected by Line Manager",
    "parent": "Loan",
    "parentfield": "transitions",
    "parenttype": "Workflow",
    "state": "Waiting For Approval"
   },
   {
    "action": "Approve",
    "allow_self_approval": 0,
    "allowed": "HR Manager",
    "condition": null,
    "next_state": "Approved by HR Manager",
    "parent": "Loan",
    "parentfield": "transitions",
    "parenttype": "Workflow",
    "state": "Approved by Line Manager"
   },
   {
    "action": "Reject",
    "allow_self_approval": 1,
    "allowed": "HR Manager",
    "condition": null,
    "next_state": "Rejected By HR Manager",
    "parent": "Loan",
    "parentfield": "transitions",
    "parenttype": "Workflow",
    "state": "Approved by Line Manager"
   }
  ],
  "workflow_name": "Loan ",
  "workflow_state_field": "workflow_state"
 },
 {
  "docstatus": 0,
  "doctype": "Workflow",
  "document_type": "Leave Application",
  "is_active": 0,
  "modified": "2019-10-09 11:33:31.674146",
  "name": "Leave Application",
  "override_status": 1,
  "parent": null,
  "parentfield": null,
  "parenttype": null,
  "send_email_alert": 0,
  "states": [
   {
    "allow_edit": "Special Site Users",
    "doc_status": "0",
    "is_optional_state": 0,
    "message": null,
    "next_action_email_template": null,
    "parent": "Leave Application",
    "parentfield": "states",
    "parenttype": "Workflow",
    "state": "Waiting For Approval",
    "update_field": null,
    "update_value": null
   },
   {
    "allow_edit": "Leave Approver",
    "doc_status": "0",
    "is_optional_state": 0,
    "message": null,
    "next_action_email_template": null,
    "parent": "Leave Application",
    "parentfield": "states",
    "parenttype": "Workflow",
    "state": "Approved by Line Manager",
    "update_field": "status",
    "update_value": "Approved"
   },
   {
    "allow_edit": "Leave Approver",
    "doc_status": "0",
    "is_optional_state": 0,
    "message": null,
    "next_action_email_template": null,
    "parent": "Leave Application",
    "parentfield": "states",
    "parenttype": "Workflow",
    "state": "Rejected by Line Manager",
    "update_field": "status",
    "update_value": "Rejected"
   },
   {
    "allow_edit": "HR Manager",
    "doc_status": "1",
    "is_optional_state": 0,
    "message": null,
    "next_action_email_template": null,
    "parent": "Leave Application",
    "parentfield": "states",
    "parenttype": "Workflow",
    "state": "Approved by HR Manager",
    "update_field": null,
    "update_value": "Approved by HR Manager"
   },
   {
    "allow_edit": "HR Manager",
    "doc_status": "0",
    "is_optional_state": 0,
    "message": null,
    "next_action_email_template": null,
    "parent": "Leave Application",
    "parentfield": "states",
    "parenttype": "Workflow",
    "state": "Rejected By HR Manager",
    "update_field": null,
    "update_value": "Rejected By HR Manager"
   }
  ],
  "transitions": [
   {
    "action": "Approve",
    "allow_self_approval": 0,
    "allowed": "Leave Approver",
    "condition": null,
    "next_state": "Approved by Line Manager",
    "parent": "Leave Application",
    "parentfield": "transitions",
    "parenttype": "Workflow",
    "state": "Waiting For Approval"
   },
   {
    "action": "Reject",
    "allow_self_approval": 0,
    "allowed": "Leave Approver",
    "condition": null,
    "next_state": "Rejected by Line Manager",
    "parent": "Leave Application",
    "parentfield": "transitions",
    "parenttype": "Workflow",
    "state": "Waiting For Approval"
   },
   {
    "action": "Approve",
    "allow_self_approval": 0,
    "allowed": "HR Manager",
    "condition": null,
    "next_state": "Approved by HR Manager",
    "parent": "Leave Application",
    "parentfield": "transitions",
    "parenttype": "Workflow",
    "state": "Approved by Line Manager"
   },
   {
    "action": "Reject",
    "allow_self_approval": 0,
    "allowed": "HR Manager",
    "condition": null,
    "next_state": "Rejected By HR Manager",
    "parent": "Leave Application",
    "parentfield": "transitions",
    "parenttype": "Workflow",
    "state": "Approved by Line Manager"
   }
  ],
  "workflow_name": "Leave Application",
  "workflow_state_field": "workflow_state"
 },
 {
  "docstatus": 0,
  "doctype": "Workflow",
  "document_type": "Quotation",
  "is_active": 0,
  "modified": "2019-11-05 11:39:40.763593",
  "name": "Quotation",
  "override_status": 1,
  "parent": null,
  "parentfield": null,
  "parenttype": null,
  "send_email_alert": 0,
  "states": [
   {
    "allow_edit": "Special Site Users",
    "doc_status": "0",
    "is_optional_state": 0,
    "message": null,
    "next_action_email_template": null,
    "parent": "Quotation",
    "parentfield": "states",
    "parenttype": "Workflow",
    "state": "Waiting For Approval",
    "update_field": null,
    "update_value": null
   },
   {
    "allow_edit": "Quotation Approves",
    "doc_status": "1",
    "is_optional_state": 0,
    "message": null,
    "next_action_email_template": null,
    "parent": "Quotation",
    "parentfield": "states",
    "parenttype": "Workflow",
    "state": "Approved by Line Manager",
    "update_field": null,
    "update_value": null
   },
   {
    "allow_edit": "Quotation Approves",
    "doc_status": "0",
    "is_optional_state": 0,
    "message": null,
    "next_action_email_template": null,
    "parent": "Quotation",
    "parentfield": "states",
    "parenttype": "Workflow",
    "state": "Rejected by Line Manager",
    "update_field": null,
    "update_value": null
   }
  ],
  "transitions": [
   {
    "action": "Approve",
    "allow_self_approval": 0,
    "allowed": "Quotation Approves",
    "condition": null,
    "next_state": "Approved by Line Manager",
    "parent": "Quotation",
    "parentfield": "transitions",
    "parenttype": "Workflow",
    "state": "Waiting For Approval"
   },
   {
    "action": "Reject",
    "allow_self_approval": 0,
    "allowed": "Quotation Approves",
    "condition": null,
    "next_state": "Rejected by Line Manager",
    "parent": "Quotation",
    "parentfield": "transitions",
    "parenttype": "Workflow",
    "state": "Waiting For Approval"
   }
  ],
  "workflow_name": "Quotation",
  "workflow_state_field": "workflow_state"
 },
 {
  "docstatus": 0,
  "doctype": "Workflow",
  "document_type": "Purchase Order",
  "is_active": 1,
  "modified": "2019-10-09 11:34:25.611799",
  "name": "Purchase Order",
  "override_status": 1,
  "parent": null,
  "parentfield": null,
  "parenttype": null,
  "send_email_alert": 0,
  "states": [
   {
    "allow_edit": "Special Site Users",
    "doc_status": "0",
    "is_optional_state": 0,
    "message": null,
    "next_action_email_template": null,
    "parent": "Purchase Order",
    "parentfield": "states",
    "parenttype": "Workflow",
    "state": "Waiting For Approval",
    "update_field": null,
    "update_value": null
   },
   {
    "allow_edit": "Purchase Order Approves",
    "doc_status": "0",
    "is_optional_state": 0,
    "message": null,
    "next_action_email_template": null,
    "parent": "Purchase Order",
    "parentfield": "states",
    "parenttype": "Workflow",
    "state": "Approved by Line Manager",
    "update_field": "",
    "update_value": "Approved"
   },
   {
    "allow_edit": "Purchase Order Approves",
    "doc_status": "0",
    "is_optional_state": 0,
    "message": null,
    "next_action_email_template": null,
    "parent": "Purchase Order",
    "parentfield": "states",
    "parenttype": "Workflow",
    "state": "Rejected by Line Manager",
    "update_field": "",
    "update_value": "Rejected"
   },
   {
    "allow_edit": "Purchase Manager",
    "doc_status": "1",
    "is_optional_state": 0,
    "message": null,
    "next_action_email_template": null,
    "parent": "Purchase Order",
    "parentfield": "states",
    "parenttype": "Workflow",
    "state": "Approved by Finance Manager",
    "update_field": null,
    "update_value": "Approved by Finance Manager"
   },
   {
    "allow_edit": "Purchase Manager",
    "doc_status": "0",
    "is_optional_state": 0,
    "message": null,
    "next_action_email_template": null,
    "parent": "Purchase Order",
    "parentfield": "states",
    "parenttype": "Workflow",
    "state": "Rejected by Finance Manager",
    "update_field": null,
    "update_value": "Rejected by Finance Manager"
   }
  ],
  "transitions": [
   {
    "action": "Approve",
    "allow_self_approval": 0,
    "allowed": "Purchase Order Approves",
    "condition": null,
    "next_state": "Approved by Line Manager",
    "parent": "Purchase Order",
    "parentfield": "transitions",
    "parenttype": "Workflow",
    "state": "Waiting For Approval"
   },
   {
    "action": "Reject",
    "allow_self_approval": 0,
    "allowed": "Purchase Order Approves",
    "condition": null,
    "next_state": "Rejected by Line Manager",
    "parent": "Purchase Order",
    "parentfield": "transitions",
    "parenttype": "Workflow",
    "state": "Waiting For Approval"
   },
   {
    "action": "Approve",
    "allow_self_approval": 0,
    "allowed": "Purchase Manager",
    "condition": null,
    "next_state": "Approved by Finance Manager",
    "parent": "Purchase Order",
    "parentfield": "transitions",
    "parenttype": "Workflow",
    "state": "Approved by Line Manager"
   },
   {
    "action": "Reject",
    "allow_self_approval": 0,
    "allowed": "Purchase Manager",
    "condition": null,
    "next_state": "Rejected by Finance Manager",
    "parent": "Purchase Order",
    "parentfield": "transitions",
    "parenttype": "Workflow",
    "state": "Approved by Line Manager"
   }
  ],
  "workflow_name": "Purchase Order",
  "workflow_state_field": "workflow_state"
 },
 {
  "docstatus": 0,
  "doctype": "Workflow",
  "document_type": "Employee Advance",
  "is_active": 1,
  "modified": "2020-02-24 15:38:43.290461",
  "name": "Employee Advance",
  "override_status": 0,
  "parent": null,
  "parentfield": null,
  "parenttype": null,
  "send_email_alert": 0,
  "states": [
   {
    "allow_edit": "Special Site Users",
    "doc_status": "0",
    "is_optional_state": 0,
    "message": null,
    "next_action_email_template": null,
    "parent": "Employee Advance",
    "parentfield": "states",
    "parenttype": "Workflow",
    "state": "Waiting For Approval",
    "update_field": null,
    "update_value": null
   },
   {
    "allow_edit": "Advance Approval",
    "doc_status": "0",
    "is_optional_state": 0,
    "message": null,
    "next_action_email_template": null,
    "parent": "Employee Advance",
    "parentfield": "states",
    "parenttype": "Workflow",
    "state": "Approved by Line Manager",
    "update_field": "",
    "update_value": ""
   },
   {
    "allow_edit": "Advance Approval",
    "doc_status": "0",
    "is_optional_state": 0,
    "message": null,
    "next_action_email_template": null,
    "parent": "Employee Advance",
    "parentfield": "states",
    "parenttype": "Workflow",
    "state": "Rejected by Line Manager",
    "update_field": "",
    "update_value": ""
   },
   {
    "allow_edit": "Accounts Manager",
    "doc_status": "1",
    "is_optional_state": 0,
    "message": null,
    "next_action_email_template": null,
    "parent": "Employee Advance",
    "parentfield": "states",
    "parenttype": "Workflow",
    "state": "Approved by Finance Manager",
    "update_field": null,
    "update_value": "Approved by Finance Manager"
   },
   {
    "allow_edit": "Accounts Manager",
    "doc_status": "0",
    "is_optional_state": 0,
    "message": null,
    "next_action_email_template": null,
    "parent": "Employee Advance",
    "parentfield": "states",
    "parenttype": "Workflow",
    "state": "Rejected by Finance Manager",
    "update_field": null,
    "update_value": "Rejected by Finance Manager"
   }
  ],
  "transitions": [
   {
    "action": "Approve",
    "allow_self_approval": 0,
    "allowed": "Advance Approval",
    "condition": null,
    "next_state": "Approved by Line Manager",
    "parent": "Employee Advance",
    "parentfield": "transitions",
    "parenttype": "Workflow",
    "state": "Waiting For Approval"
   },
   {
    "action": "Reject",
    "allow_self_approval": 0,
    "allowed": "Advance Approval",
    "condition": null,
    "next_state": "Rejected by Line Manager",
    "parent": "Employee Advance",
    "parentfield": "transitions",
    "parenttype": "Workflow",
    "state": "Waiting For Approval"
   },
   {
    "action": "Approve",
    "allow_self_approval": 0,
    "allowed": "Accounts Manager",
    "condition": null,
    "next_state": "Approved by Finance Manager",
    "parent": "Employee Advance",
    "parentfield": "transitions",
    "parenttype": "Workflow",
    "state": "Approved by Line Manager"
   },
   {
    "action": "Reject",
    "allow_self_approval": 0,
    "allowed": "Accounts Manager",
    "condition": null,
    "next_state": "Rejected by Finance Manager",
    "parent": "Employee Advance",
    "parentfield": "transitions",
    "parenttype": "Workflow",
    "state": "Approved by Line Manager"
   }
  ],
  "workflow_name": "Employee Advance",
  "workflow_state_field": "workflow_state"
 },
 {
  "docstatus": 0,
  "doctype": "Workflow",
  "document_type": "Payment Request",
  "is_active": 1,
  "modified": "2019-10-09 11:34:08.499591",
  "name": "Payment Request",
  "override_status": 1,
  "parent": null,
  "parentfield": null,
  "parenttype": null,
  "send_email_alert": 0,
  "states": [
   {
    "allow_edit": "Special Site Users",
    "doc_status": "0",
    "is_optional_state": 0,
    "message": null,
    "next_action_email_template": null,
    "parent": "Payment Request",
    "parentfield": "states",
    "parenttype": "Workflow",
    "state": "Waiting For Approval",
    "update_field": null,
    "update_value": null
   },
   {
    "allow_edit": "Payment Approval",
    "doc_status": "0",
    "is_optional_state": 0,
    "message": null,
    "next_action_email_template": null,
    "parent": "Payment Request",
    "parentfield": "states",
    "parenttype": "Workflow",
    "state": "Approved by Line Manager",
    "update_field": "",
    "update_value": ""
   },
   {
    "allow_edit": "Payment Approval",
    "doc_status": "0",
    "is_optional_state": 0,
    "message": null,
    "next_action_email_template": null,
    "parent": "Payment Request",
    "parentfield": "states",
    "parenttype": "Workflow",
    "state": "Rejected by Line Manager",
    "update_field": "",
    "update_value": ""
   },
   {
    "allow_edit": "Accounts Manager",
    "doc_status": "1",
    "is_optional_state": 0,
    "message": null,
    "next_action_email_template": null,
    "parent": "Payment Request",
    "parentfield": "states",
    "parenttype": "Workflow",
    "state": "Approved by Finance Manager",
    "update_field": null,
    "update_value": ""
   },
   {
    "allow_edit": "Accounts Manager",
    "doc_status": "0",
    "is_optional_state": 0,
    "message": null,
    "next_action_email_template": null,
    "parent": "Payment Request",
    "parentfield": "states",
    "parenttype": "Workflow",
    "state": "Rejected by Finance Manager",
    "update_field": null,
    "update_value": ""
   }
  ],
  "transitions": [
   {
    "action": "Approve",
    "allow_self_approval": 0,
    "allowed": "Payment Approval",
    "condition": null,
    "next_state": "Approved by Line Manager",
    "parent": "Payment Request",
    "parentfield": "transitions",
    "parenttype": "Workflow",
    "state": "Waiting For Approval"
   },
   {
    "action": "Reject",
    "allow_self_approval": 0,
    "allowed": "Payment Approval",
    "condition": null,
    "next_state": "Rejected by Line Manager",
    "parent": "Payment Request",
    "parentfield": "transitions",
    "parenttype": "Workflow",
    "state": "Waiting For Approval"
   },
   {
    "action": "Approve",
    "allow_self_approval": 0,
    "allowed": "Accounts Manager",
    "condition": null,
    "next_state": "Approved by Finance Manager",
    "parent": "Payment Request",
    "parentfield": "transitions",
    "parenttype": "Workflow",
    "state": "Approved by Line Manager"
   },
   {
    "action": "Reject",
    "allow_self_approval": 0,
    "allowed": "Accounts Manager",
    "condition": null,
    "next_state": "Rejected by Finance Manager",
    "parent": "Payment Request",
    "parentfield": "transitions",
    "parenttype": "Workflow",
    "state": "Approved by Line Manager"
   }
  ],
  "workflow_name": "Payment Request",
  "workflow_state_field": "workflow_state"
 },
 {
  "docstatus": 0,
  "doctype": "Workflow",
  "document_type": "Loan",
  "is_active": 1,
  "modified": "2021-01-18 07:50:53.377053",
  "name": "Loan Approval",
  "override_status": 0,
  "parent": null,
  "parentfield": null,
  "parenttype": null,
  "send_email_alert": 0,
  "states": [
   {
    "allow_edit": "Special Site Users",
    "doc_status": "0",
    "is_optional_state": 0,
    "message": null,
    "next_action_email_template": null,
    "parent": "Loan Approval",
    "parentfield": "states",
    "parenttype": "Workflow",
    "state": "Waiting For Approval",
    "update_field": null,
    "update_value": null
   },
   {
    "allow_edit": "Accounts Manager",
    "doc_status": "0",
    "is_optional_state": 0,
    "message": null,
    "next_action_email_template": null,
    "parent": "Loan Approval",
    "parentfield": "states",
    "parenttype": "Workflow",
    "state": "Approved by Finance Manager",
    "update_field": "status",
    "update_value": "Sanctioned"
   },
   {
    "allow_edit": "Accounts Manager",
    "doc_status": "0",
    "is_optional_state": 0,
    "message": null,
    "next_action_email_template": null,
    "parent": "Loan Approval",
    "parentfield": "states",
    "parenttype": "Workflow",
    "state": "Rejected by Finance Manager",
    "update_field": null,
    "update_value": null
   },
   {
    "allow_edit": "Payroll Admin",
    "doc_status": "1",
    "is_optional_state": 0,
    "message": null,
    "next_action_email_template": null,
    "parent": "Loan Approval",
    "parentfield": "states",
    "parenttype": "Workflow",
    "state": "Disbursed By Accountant",
    "update_field": "status",
    "update_value": "Sanctioned"
   }
  ],
  "transitions": [
   {
    "action": "Approve",
    "allow_self_approval": 0,
    "allowed": "Accounts Manager",
    "condition": null,
    "next_state": "Approved by Finance Manager",
    "parent": "Loan Approval",
    "parentfield": "transitions",
    "parenttype": "Workflow",
    "state": "Waiting For Approval"
   },
   {
    "action": "Reject",
    "allow_self_approval": 0,
    "allowed": "Accounts Manager",
    "condition": null,
    "next_state": "Rejected by Finance Manager",
    "parent": "Loan Approval",
    "parentfield": "transitions",
    "parenttype": "Workflow",
    "state": "Waiting For Approval"
   },
   {
    "action": "Submit",
    "allow_self_approval": 1,
    "allowed": "Accounts Manager",
    "condition": null,
    "next_state": "Disbursed By Accountant",
    "parent": "Loan Approval",
    "parentfield": "transitions",
    "parenttype": "Workflow",
    "state": "Approved by Finance Manager"
   }
  ],
  "workflow_name": "Loan Approval",
  "workflow_state_field": "workflow_state"
 },
 {
  "docstatus": 0,
  "doctype": "Workflow",
  "document_type": "Expense Claim",
  "is_active": 0,
  "modified": "2020-02-26 08:36:28.685434",
  "name": "Expense Claim1",
  "override_status": 1,
  "parent": null,
  "parentfield": null,
  "parenttype": null,
  "send_email_alert": 0,
  "states": [
   {
    "allow_edit": "Special Site Users",
    "doc_status": "0",
    "is_optional_state": 0,
    "message": null,
    "next_action_email_template": null,
    "parent": "Expense Claim1",
    "parentfield": "states",
    "parenttype": "Workflow",
    "state": "Waiting For Approval",
    "update_field": null,
    "update_value": null
   },
   {
    "allow_edit": "Expense Approver",
    "doc_status": "0",
    "is_optional_state": 0,
    "message": null,
    "next_action_email_template": null,
    "parent": "Expense Claim1",
    "parentfield": "states",
    "parenttype": "Workflow",
    "state": "Approved by Line Manager",
    "update_field": "approval_status",
    "update_value": "Approved"
   },
   {
    "allow_edit": "Expense Approver",
    "doc_status": "0",
    "is_optional_state": 0,
    "message": null,
    "next_action_email_template": null,
    "parent": "Expense Claim1",
    "parentfield": "states",
    "parenttype": "Workflow",
    "state": "Rejected by Line Manager",
    "update_field": "approval_status",
    "update_value": "Rejected"
   },
   {
    "allow_edit": "Accounts Manager",
    "doc_status": "1",
    "is_optional_state": 0,
    "message": null,
    "next_action_email_template": null,
    "parent": "Expense Claim1",
    "parentfield": "states",
    "parenttype": "Workflow",
    "state": "Approved by Finance Manager",
    "update_field": null,
    "update_value": "Approved by Finance Manager"
   },
   {
    "allow_edit": "Accounts Manager",
    "doc_status": "0",
    "is_optional_state": 0,
    "message": null,
    "next_action_email_template": null,
    "parent": "Expense Claim1",
    "parentfield": "states",
    "parenttype": "Workflow",
    "state": "Rejected by Finance Manager",
    "update_field": null,
    "update_value": "Rejected by Finance Manager"
   }
  ],
  "transitions": [
   {
    "action": "Approve",
    "allow_self_approval": 0,
    "allowed": "Expense Approver",
    "condition": null,
    "next_state": "Approved by Line Manager",
    "parent": "Expense Claim1",
    "parentfield": "transitions",
    "parenttype": "Workflow",
    "state": "Waiting For Approval"
   },
   {
    "action": "Reject",
    "allow_self_approval": 0,
    "allowed": "Expense Approver",
    "condition": null,
    "next_state": "Rejected by Line Manager",
    "parent": "Expense Claim1",
    "parentfield": "transitions",
    "parenttype": "Workflow",
    "state": "Waiting For Approval"
   },
   {
    "action": "Approve",
    "allow_self_approval": 1,
    "allowed": "Accounts Manager",
    "condition": null,
    "next_state": "Approved by Finance Manager",
    "parent": "Expense Claim1",
    "parentfield": "transitions",
    "parenttype": "Workflow",
    "state": "Approved by Line Manager"
   },
   {
    "action": "Reject",
    "allow_self_approval": 1,
    "allowed": "Accounts Manager",
    "condition": null,
    "next_state": "Rejected by Finance Manager",
    "parent": "Expense Claim1",
    "parentfield": "transitions",
    "parenttype": "Workflow",
    "state": "Approved by Line Manager"
   },
   {
    "action": "Approve",
    "allow_self_approval": 1,
    "allowed": "Accounts Manager",
    "condition": null,
    "next_state": "Approved by Line Manager",
    "parent": "Expense Claim1",
    "parentfield": "transitions",
    "parenttype": "Workflow",
    "state": "Rejected by Finance Manager"
   }
  ],
  "workflow_name": "Expense Claim1",
  "workflow_state_field": "workflow_state"
 },
 {
  "docstatus": 0,
  "doctype": "Workflow",
  "document_type": "Stock Reconciliation",
  "is_active": 1,
  "modified": "2020-04-18 11:21:37.879667",
  "name": "Stock Reconciliation",
  "override_status": 0,
  "parent": null,
  "parentfield": null,
  "parenttype": null,
  "send_email_alert": 0,
  "states": [
   {
    "allow_edit": "TailPOS",
    "doc_status": "0",
    "is_optional_state": 0,
    "message": null,
    "next_action_email_template": null,
    "parent": "Stock Reconciliation",
    "parentfield": "states",
    "parenttype": "Workflow",
    "state": "Draft",
    "update_field": null,
    "update_value": null
   },
   {
    "allow_edit": "Restaurant Manager",
    "doc_status": "0",
    "is_optional_state": 0,
    "message": null,
    "next_action_email_template": null,
    "parent": "Stock Reconciliation",
    "parentfield": "states",
    "parenttype": "Workflow",
    "state": "Submitted for Approval",
    "update_field": null,
    "update_value": null
   },
   {
    "allow_edit": "Stock Approval",
    "doc_status": "0",
    "is_optional_state": 0,
    "message": null,
    "next_action_email_template": null,
    "parent": "Stock Reconciliation",
    "parentfield": "states",
    "parenttype": "Workflow",
    "state": "Approved by Line Manager",
    "update_field": null,
    "update_value": null
   },
   {
    "allow_edit": "Stock Approval",
    "doc_status": "0",
    "is_optional_state": 0,
    "message": null,
    "next_action_email_template": null,
    "parent": "Stock Reconciliation",
    "parentfield": "states",
    "parenttype": "Workflow",
    "state": "Rejected by Line Manager",
    "update_field": null,
    "update_value": null
   },
   {
    "allow_edit": "Accounts Manager",
    "doc_status": "1",
    "is_optional_state": 0,
    "message": null,
    "next_action_email_template": null,
    "parent": "Stock Reconciliation",
    "parentfield": "states",
    "parenttype": "Workflow",
    "state": "Approved by Finance Manager",
    "update_field": null,
    "update_value": null
   },
   {
    "allow_edit": "Accounts Manager",
    "doc_status": "0",
    "is_optional_state": 0,
    "message": null,
    "next_action_email_template": null,
    "parent": "Stock Reconciliation",
    "parentfield": "states",
    "parenttype": "Workflow",
    "state": "Rejected by Finance Manager",
    "update_field": null,
    "update_value": null
   }
  ],
  "transitions": [
   {
    "action": "Submit",
    "allow_self_approval": 1,
    "allowed": "Restaurant Manager",
    "condition": null,
    "next_state": "Submitted for Approval",
    "parent": "Stock Reconciliation",
    "parentfield": "transitions",
    "parenttype": "Workflow",
    "state": "Draft"
   },
   {
    "action": "Approve",
    "allow_self_approval": 1,
    "allowed": "Stock Approval",
    "condition": null,
    "next_state": "Approved by Line Manager",
    "parent": "Stock Reconciliation",
    "parentfield": "transitions",
    "parenttype": "Workflow",
    "state": "Submitted for Approval"
   },
   {
    "action": "Reject",
    "allow_self_approval": 1,
    "allowed": "Stock Approval",
    "condition": null,
    "next_state": "Rejected by Line Manager",
    "parent": "Stock Reconciliation",
    "parentfield": "transitions",
    "parenttype": "Workflow",
    "state": "Submitted for Approval"
   },
   {
    "action": "Approve",
    "allow_self_approval": 1,
    "allowed": "Accounts Manager",
    "condition": null,
    "next_state": "Approved by Finance Manager",
    "parent": "Stock Reconciliation",
    "parentfield": "transitions",
    "parenttype": "Workflow",
    "state": "Approved by Line Manager"
   },
   {
    "action": "Reject",
    "allow_self_approval": 1,
    "allowed": "Accounts Manager",
    "condition": null,
    "next_state": "Rejected by Finance Manager",
    "parent": "Stock Reconciliation",
    "parentfield": "transitions",
    "parenttype": "Workflow",
    "state": "Rejected by Line Manager"
   }
  ],
  "workflow_name": "Stock Reconciliation",
  "workflow_state_field": "workflow_state"
 },
 {
  "docstatus": 0,
  "doctype": "Workflow",
  "document_type": "Asset",
  "is_active": 1,
  "modified": "2020-05-05 12:26:47.324836",
  "name": "Asset",
  "override_status": 1,
  "parent": null,
  "parentfield": null,
  "parenttype": null,
  "send_email_alert": 0,
  "states": [
   {
    "allow_edit": "All",
    "doc_status": "0",
    "is_optional_state": 0,
    "message": null,
    "next_action_email_template": null,
    "parent": "Asset",
    "parentfield": "states",
    "parenttype": "Workflow",
    "state": "Draft",
    "update_field": null,
    "update_value": null
   },
   {
    "allow_edit": "Accounts Manager",
    "doc_status": "1",
    "is_optional_state": 0,
    "message": null,
    "next_action_email_template": null,
    "parent": "Asset",
    "parentfield": "states",
    "parenttype": "Workflow",
    "state": "Approved by Finance Manager",
    "update_field": null,
    "update_value": null
   }
  ],
  "transitions": [
   {
    "action": "Approve",
    "allow_self_approval": 1,
    "allowed": "Accounts Manager",
    "condition": null,
    "next_state": "Approved by Finance Manager",
    "parent": "Asset",
    "parentfield": "transitions",
    "parenttype": "Workflow",
    "state": "Draft"
   }
  ],
  "workflow_name": "Asset",
  "workflow_state_field": "workflow_state"
 },
 {
  "docstatus": 0,
  "doctype": "Workflow",
  "document_type": "Expense Claim",
  "is_active": 0,
  "modified": "2021-01-05 22:24:54.033314",
  "name": "Expense Claim=EA-MainA-AM",
  "override_status": 1,
  "parent": null,
  "parentfield": null,
  "parenttype": null,
  "send_email_alert": 0,
  "states": [
   {
    "allow_edit": "Accounts Manager",
    "doc_status": "0",
    "is_optional_state": 0,
    "message": null,
    "next_action_email_template": null,
    "parent": "Expense Claim=EA-MainA-AM",
    "parentfield": "states",
    "parenttype": "Workflow",
    "state": "Waiting For Approval",
    "update_field": null,
    "update_value": null
   },
   {
    "allow_edit": "Accounts Manager",
    "doc_status": "0",
    "is_optional_state": 0,
    "message": null,
    "next_action_email_template": null,
    "parent": "Expense Claim=EA-MainA-AM",
    "parentfield": "states",
    "parenttype": "Workflow",
    "state": "Approved by Line Manager",
    "update_field": "approval_status",
    "update_value": "Approved"
   },
   {
    "allow_edit": "Script Manager",
    "doc_status": "0",
    "is_optional_state": 0,
    "message": null,
    "next_action_email_template": null,
    "parent": "Expense Claim=EA-MainA-AM",
    "parentfield": "states",
    "parenttype": "Workflow",
    "state": "Rejected by Line Manager",
    "update_field": "approval_status",
    "update_value": "Rejected"
   },
   {
    "allow_edit": "Accounts Manager",
    "doc_status": "0",
    "is_optional_state": 0,
    "message": null,
    "next_action_email_template": null,
    "parent": "Expense Claim=EA-MainA-AM",
    "parentfield": "states",
    "parenttype": "Workflow",
    "state": "Approved By Maintenance",
    "update_field": null,
    "update_value": null
   },
   {
    "allow_edit": "System Manager",
    "doc_status": "0",
    "is_optional_state": 0,
    "message": null,
    "next_action_email_template": null,
    "parent": "Expense Claim=EA-MainA-AM",
    "parentfield": "states",
    "parenttype": "Workflow",
    "state": "Rejected By Maintenance",
    "update_field": null,
    "update_value": null
   },
   {
    "allow_edit": "System Manager",
    "doc_status": "0",
    "is_optional_state": 0,
    "message": null,
    "next_action_email_template": null,
    "parent": "Expense Claim=EA-MainA-AM",
    "parentfield": "states",
    "parenttype": "Workflow",
    "state": "Rejected by Finance Manager",
    "update_field": null,
    "update_value": "Rejected by Finance Manager"
   },
   {
    "allow_edit": "Accounts Manager",
    "doc_status": "1",
    "is_optional_state": 0,
    "message": null,
    "next_action_email_template": null,
    "parent": "Expense Claim=EA-MainA-AM",
    "parentfield": "states",
    "parenttype": "Workflow",
    "state": "Approved by Finance Manager",
    "update_field": null,
    "update_value": "Approved by Finance Manager"
   }
  ],
  "transitions": [
   {
    "action": "Approve",
    "allow_self_approval": 0,
    "allowed": "Expense Approver",
    "condition": null,
    "next_state": "Approved by Line Manager",
    "parent": "Expense Claim=EA-MainA-AM",
    "parentfield": "transitions",
    "parenttype": "Workflow",
    "state": "Waiting For Approval"
   },
   {
    "action": "Reject",
    "allow_self_approval": 0,
    "allowed": "Expense Approver",
    "condition": null,
    "next_state": "Rejected by Line Manager",
    "parent": "Expense Claim=EA-MainA-AM",
    "parentfield": "transitions",
    "parenttype": "Workflow",
    "state": "Waiting For Approval"
   },
   {
    "action": "Approve",
    "allow_self_approval": 1,
    "allowed": "Vehicle Maintenance Approver",
    "condition": "doc.taa_maintenance_approval_required==\"Yes\"",
    "next_state": "Approved By Maintenance",
    "parent": "Expense Claim=EA-MainA-AM",
    "parentfield": "transitions",
    "parenttype": "Workflow",
    "state": "Approved by Line Manager"
   },
   {
    "action": "Reject",
    "allow_self_approval": 1,
    "allowed": "Vehicle Maintenance Approver",
    "condition": null,
    "next_state": "Rejected By Maintenance",
    "parent": "Expense Claim=EA-MainA-AM",
    "parentfield": "transitions",
    "parenttype": "Workflow",
    "state": "Approved by Line Manager"
   },
   {
    "action": "Approve",
    "allow_self_approval": 1,
    "allowed": "Accounts Manager",
    "condition": null,
    "next_state": "Approved by Finance Manager",
    "parent": "Expense Claim=EA-MainA-AM",
    "parentfield": "transitions",
    "parenttype": "Workflow",
    "state": "Approved By Maintenance"
   },
   {
    "action": "Reject",
    "allow_self_approval": 1,
    "allowed": "Accounts Manager",
    "condition": null,
    "next_state": "Rejected by Finance Manager",
    "parent": "Expense Claim=EA-MainA-AM",
    "parentfield": "transitions",
    "parenttype": "Workflow",
    "state": "Approved By Maintenance"
   },
   {
    "action": "Approve",
    "allow_self_approval": 1,
    "allowed": "Accounts Manager",
    "condition": "doc.taa_maintenance_approval_required==\"No\"",
    "next_state": "Approved by Finance Manager",
    "parent": "Expense Claim=EA-MainA-AM",
    "parentfield": "transitions",
    "parenttype": "Workflow",
    "state": "Approved by Line Manager"
   }
  ],
  "workflow_name": "Expense Claim=EA-MainA-AM",
  "workflow_state_field": "workflow_state"
 },
 {
  "docstatus": 0,
  "doctype": "Workflow",
  "document_type": "Purchase Invoice",
  "is_active": 1,
  "modified": "2020-06-17 23:04:41.456264",
  "name": "Purchase Invoice=All-PM",
  "override_status": 1,
  "parent": null,
  "parentfield": null,
  "parenttype": null,
  "send_email_alert": 0,
  "states": [
   {
    "allow_edit": "All",
    "doc_status": "0",
    "is_optional_state": 0,
    "message": null,
    "next_action_email_template": null,
    "parent": "Purchase Invoice=All-PM",
    "parentfield": "states",
    "parenttype": "Workflow",
    "state": "Waiting For Approval",
    "update_field": null,
    "update_value": null
   },
   {
    "allow_edit": "Purchase Manager",
    "doc_status": "1",
    "is_optional_state": 0,
    "message": null,
    "next_action_email_template": null,
    "parent": "Purchase Invoice=All-PM",
    "parentfield": "states",
    "parenttype": "Workflow",
    "state": "Approved",
    "update_field": null,
    "update_value": null
   }
  ],
  "transitions": [
   {
    "action": "Approve",
    "allow_self_approval": 1,
    "allowed": "Restaurant Approver",
    "condition": "doc.taa_supplier_group==\"Restaurant Supplier\"",
    "next_state": "Approved",
    "parent": "Purchase Invoice=All-PM",
    "parentfield": "transitions",
    "parenttype": "Workflow",
    "state": "Waiting For Approval"
   },
   {
    "action": "Submit",
    "allow_self_approval": 1,
    "allowed": "All",
    "condition": "doc.taa_supplier_group!=\"Restaurant Supplier\"",
    "next_state": "Approved",
    "parent": "Purchase Invoice=All-PM",
    "parentfield": "transitions",
    "parenttype": "Workflow",
    "state": "Waiting For Approval"
   }
  ],
  "workflow_name": "Purchase Invoice=All-PM",
  "workflow_state_field": "workflow_state"
 },
 {
  "docstatus": 0,
  "doctype": "Workflow",
  "document_type": "Employee Transfer",
  "is_active": 1,
  "modified": "2021-03-09 09:30:16.694969",
  "name": "Employee Transfer = HRM",
  "override_status": 1,
  "parent": null,
  "parentfield": null,
  "parenttype": null,
  "send_email_alert": 0,
  "states": [
   {
    "allow_edit": "HR Manager",
    "doc_status": "0",
    "is_optional_state": 0,
    "message": null,
    "next_action_email_template": null,
    "parent": "Employee Transfer = HRM",
    "parentfield": "states",
    "parenttype": "Workflow",
    "state": "Draft",
    "update_field": null,
    "update_value": null
   },
   {
    "allow_edit": "HR Manager",
    "doc_status": "1",
    "is_optional_state": 0,
    "message": null,
    "next_action_email_template": null,
    "parent": "Employee Transfer = HRM",
    "parentfield": "states",
    "parenttype": "Workflow",
    "state": "Approved",
    "update_field": null,
    "update_value": null
   }
  ],
  "transitions": [
   {
    "action": "Approve",
    "allow_self_approval": 1,
    "allowed": "HR Manager",
    "condition": null,
    "next_state": "Approved",
    "parent": "Employee Transfer = HRM",
    "parentfield": "transitions",
    "parenttype": "Workflow",
    "state": "Draft"
   }
  ],
  "workflow_name": "Employee Transfer = HRM",
  "workflow_state_field": "workflow_state"
 },
 {
  "docstatus": 0,
  "doctype": "Workflow",
  "document_type": "Goods Delivery",
  "is_active": 1,
  "modified": "2020-08-18 18:35:25.587934",
  "name": "Goods Delivery",
  "override_status": 0,
  "parent": null,
  "parentfield": null,
  "parenttype": null,
  "send_email_alert": 0,
  "states": [
   {
    "allow_edit": "TMS User",
    "doc_status": "0",
    "is_optional_state": 0,
    "message": null,
    "next_action_email_template": null,
    "parent": "Goods Delivery",
    "parentfield": "states",
    "parenttype": "Workflow",
    "state": "Draft",
    "update_field": "workflow_state",
    "update_value": "Order Requested"
   },
   {
    "allow_edit": "TMS User",
    "doc_status": "0",
    "is_optional_state": 0,
    "message": null,
    "next_action_email_template": null,
    "parent": "Goods Delivery",
    "parentfield": "states",
    "parenttype": "Workflow",
    "state": "Order Approved",
    "update_field": "workflow_state",
    "update_value": "Order Approved"
   },
   {
    "allow_edit": "TMS User",
    "doc_status": "1",
    "is_optional_state": 0,
    "message": null,
    "next_action_email_template": null,
    "parent": "Goods Delivery",
    "parentfield": "states",
    "parenttype": "Workflow",
    "state": "Order Delivered",
    "update_field": "workflow_state",
    "update_value": "Order Delivered"
   }
  ],
  "transitions": [
   {
    "action": "Approve",
    "allow_self_approval": 1,
    "allowed": "TMS User",
    "condition": null,
    "next_state": "Order Approved",
    "parent": "Goods Delivery",
    "parentfield": "transitions",
    "parenttype": "Workflow",
    "state": "Draft"
   },
   {
    "action": "Approve",
    "allow_self_approval": 1,
    "allowed": "TMS User",
    "condition": null,
    "next_state": "Order Delivered",
    "parent": "Goods Delivery",
    "parentfield": "transitions",
    "parenttype": "Workflow",
    "state": "Order Approved"
   }
  ],
  "workflow_name": "Goods Delivery",
  "workflow_state_field": "workflow_state"
 },
 {
  "docstatus": 0,
  "doctype": "Workflow",
  "document_type": "Expense Claim",
  "is_active": 1,
  "modified": "2021-01-10 08:39:19.665218",
  "name": "Expense Claim = Review+LM+FM+MM",
  "override_status": 1,
  "parent": null,
  "parentfield": null,
  "parenttype": null,
  "send_email_alert": 0,
  "states": [
   {
    "allow_edit": "All",
    "doc_status": "0",
    "is_optional_state": 0,
    "message": null,
    "next_action_email_template": null,
    "parent": "Expense Claim = Review+LM+FM+MM",
    "parentfield": "states",
    "parenttype": "Workflow",
    "state": "Initial Review",
    "update_field": null,
    "update_value": null
   },
   {
    "allow_edit": "Expense Approver",
    "doc_status": "0",
    "is_optional_state": 0,
    "message": null,
    "next_action_email_template": null,
    "parent": "Expense Claim = Review+LM+FM+MM",
    "parentfield": "states",
    "parenttype": "Workflow",
    "state": "Waiting for LM",
    "update_field": null,
    "update_value": null
   },
   {
    "allow_edit": "No Edit",
    "doc_status": "0",
    "is_optional_state": 0,
    "message": null,
    "next_action_email_template": null,
    "parent": "Expense Claim = Review+LM+FM+MM",
    "parentfield": "states",
    "parenttype": "Workflow",
    "state": "Rejected By LM",
    "update_field": null,
    "update_value": null
   },
   {
    "allow_edit": "No Edit",
    "doc_status": "0",
    "is_optional_state": 0,
    "message": null,
    "next_action_email_template": null,
    "parent": "Expense Claim = Review+LM+FM+MM",
    "parentfield": "states",
    "parenttype": "Workflow",
    "state": "Waiting for FM",
    "update_field": null,
    "update_value": null
   },
   {
    "allow_edit": "No Edit",
    "doc_status": "0",
    "is_optional_state": 0,
    "message": null,
    "next_action_email_template": null,
    "parent": "Expense Claim = Review+LM+FM+MM",
    "parentfield": "states",
    "parenttype": "Workflow",
    "state": "Rejected By FM",
    "update_field": null,
    "update_value": null
   },
   {
    "allow_edit": "No Edit",
    "doc_status": "1",
    "is_optional_state": 0,
    "message": null,
    "next_action_email_template": null,
    "parent": "Expense Claim = Review+LM+FM+MM",
    "parentfield": "states",
    "parenttype": "Workflow",
    "state": "Waiting for MM",
    "update_field": null,
    "update_value": null
   },
   {
    "allow_edit": "No Edit",
    "doc_status": "1",
    "is_optional_state": 0,
    "message": null,
    "next_action_email_template": null,
    "parent": "Expense Claim = Review+LM+FM+MM",
    "parentfield": "states",
    "parenttype": "Workflow",
    "state": "Approved By All",
    "update_field": null,
    "update_value": null
   }
  ],
  "transitions": [
   {
    "action": "Submit for Approval",
    "allow_self_approval": 1,
    "allowed": "All",
    "condition": null,
    "next_state": "Waiting for LM",
    "parent": "Expense Claim = Review+LM+FM+MM",
    "parentfield": "transitions",
    "parenttype": "Workflow",
    "state": "Initial Review"
   },
   {
    "action": "Approve",
    "allow_self_approval": 1,
    "allowed": "Expense Approver",
    "condition": null,
    "next_state": "Waiting for FM",
    "parent": "Expense Claim = Review+LM+FM+MM",
    "parentfield": "transitions",
    "parenttype": "Workflow",
    "state": "Waiting for LM"
   },
   {
    "action": "Review",
    "allow_self_approval": 1,
    "allowed": "Expense Approver",
    "condition": null,
    "next_state": "Initial Review",
    "parent": "Expense Claim = Review+LM+FM+MM",
    "parentfield": "transitions",
    "parenttype": "Workflow",
    "state": "Waiting for LM"
   },
   {
    "action": "Reject",
    "allow_self_approval": 1,
    "allowed": "Expense Approver",
    "condition": null,
    "next_state": "Rejected By LM",
    "parent": "Expense Claim = Review+LM+FM+MM",
    "parentfield": "transitions",
    "parenttype": "Workflow",
    "state": "Waiting for LM"
   },
   {
    "action": "Approve",
    "allow_self_approval": 1,
    "allowed": "Accounts Manager",
    "condition": null,
    "next_state": "Waiting for MM",
    "parent": "Expense Claim = Review+LM+FM+MM",
    "parentfield": "transitions",
    "parenttype": "Workflow",
    "state": "Waiting for FM"
   },
   {
    "action": "Review",
    "allow_self_approval": 1,
    "allowed": "Accounts Manager",
    "condition": null,
    "next_state": "Initial Review",
    "parent": "Expense Claim = Review+LM+FM+MM",
    "parentfield": "transitions",
    "parenttype": "Workflow",
    "state": "Waiting for FM"
   },
   {
    "action": "Reject",
    "allow_self_approval": 1,
    "allowed": "Accounts Manager",
    "condition": null,
    "next_state": "Rejected By FM",
    "parent": "Expense Claim = Review+LM+FM+MM",
    "parentfield": "transitions",
    "parenttype": "Workflow",
    "state": "Waiting for FM"
   },
   {
    "action": "Approve",
    "allow_self_approval": 1,
    "allowed": "Maintenance Manager",
    "condition": null,
    "next_state": "Approved By All",
    "parent": "Expense Claim = Review+LM+FM+MM",
    "parentfield": "transitions",
    "parenttype": "Workflow",
    "state": "Waiting for MM"
   }
  ],
  "workflow_name": "Expense Claim = Review+LM+FM+MM",
  "workflow_state_field": "workflow_state"
 },
 {
  "docstatus": 0,
  "doctype": "Workflow",
  "document_type": "Expense Claim",
  "is_active": 0,
  "modified": "2021-01-04 08:28:15.750196",
  "name": "Expense Claim = Review+LM+FM",
  "override_status": 1,
  "parent": null,
  "parentfield": null,
  "parenttype": null,
  "send_email_alert": 0,
  "states": [
   {
    "allow_edit": "All",
    "doc_status": "0",
    "is_optional_state": 0,
    "message": null,
    "next_action_email_template": null,
    "parent": "Expense Claim = Review+LM+FM",
    "parentfield": "states",
    "parenttype": "Workflow",
    "state": "Initial Review",
    "update_field": null,
    "update_value": null
   },
   {
    "allow_edit": "No Edit",
    "doc_status": "0",
    "is_optional_state": 0,
    "message": null,
    "next_action_email_template": null,
    "parent": "Expense Claim = Review+LM+FM",
    "parentfield": "states",
    "parenttype": "Workflow",
    "state": "Waiting for LM",
    "update_field": null,
    "update_value": null
   },
   {
    "allow_edit": "No Edit",
    "doc_status": "0",
    "is_optional_state": 0,
    "message": null,
    "next_action_email_template": null,
    "parent": "Expense Claim = Review+LM+FM",
    "parentfield": "states",
    "parenttype": "Workflow",
    "state": "Rejected By LM",
    "update_field": null,
    "update_value": null
   },
   {
    "allow_edit": "No Edit",
    "doc_status": "0",
    "is_optional_state": 0,
    "message": null,
    "next_action_email_template": null,
    "parent": "Expense Claim = Review+LM+FM",
    "parentfield": "states",
    "parenttype": "Workflow",
    "state": "Waiting for FM",
    "update_field": null,
    "update_value": null
   },
   {
    "allow_edit": "No Edit",
    "doc_status": "0",
    "is_optional_state": 0,
    "message": null,
    "next_action_email_template": null,
    "parent": "Expense Claim = Review+LM+FM",
    "parentfield": "states",
    "parenttype": "Workflow",
    "state": "Rejected By FM",
    "update_field": null,
    "update_value": null
   },
   {
    "allow_edit": "No Edit",
    "doc_status": "1",
    "is_optional_state": 0,
    "message": null,
    "next_action_email_template": null,
    "parent": "Expense Claim = Review+LM+FM",
    "parentfield": "states",
    "parenttype": "Workflow",
    "state": "Approved",
    "update_field": null,
    "update_value": null
   }
  ],
  "transitions": [
   {
    "action": "Submit for Approval",
    "allow_self_approval": 1,
    "allowed": "All",
    "condition": null,
    "next_state": "Waiting for LM",
    "parent": "Expense Claim = Review+LM+FM",
    "parentfield": "transitions",
    "parenttype": "Workflow",
    "state": "Initial Review"
   },
   {
    "action": "Approve",
    "allow_self_approval": 1,
    "allowed": "Expense Approver",
    "condition": null,
    "next_state": "Waiting for FM",
    "parent": "Expense Claim = Review+LM+FM",
    "parentfield": "transitions",
    "parenttype": "Workflow",
    "state": "Waiting for LM"
   },
   {
    "action": "Review",
    "allow_self_approval": 1,
    "allowed": "Expense Approver",
    "condition": null,
    "next_state": "Initial Review",
    "parent": "Expense Claim = Review+LM+FM",
    "parentfield": "transitions",
    "parenttype": "Workflow",
    "state": "Waiting for LM"
   },
   {
    "action": "Reject",
    "allow_self_approval": 1,
    "allowed": "Expense Approver",
    "condition": null,
    "next_state": "Rejected By LM",
    "parent": "Expense Claim = Review+LM+FM",
    "parentfield": "transitions",
    "parenttype": "Workflow",
    "state": "Waiting for LM"
   },
   {
    "action": "Approve",
    "allow_self_approval": 1,
    "allowed": "Accounts Manager",
    "condition": null,
    "next_state": "Approved",
    "parent": "Expense Claim = Review+LM+FM",
    "parentfield": "transitions",
    "parenttype": "Workflow",
    "state": "Waiting for FM"
   },
   {
    "action": "Review",
    "allow_self_approval": 1,
    "allowed": "Accounts Manager",
    "condition": null,
    "next_state": "Initial Review",
    "parent": "Expense Claim = Review+LM+FM",
    "parentfield": "transitions",
    "parenttype": "Workflow",
    "state": "Waiting for FM"
   },
   {
    "action": "Reject",
    "allow_self_approval": 1,
    "allowed": "Accounts Manager",
    "condition": null,
    "next_state": "Rejected By FM",
    "parent": "Expense Claim = Review+LM+FM",
    "parentfield": "transitions",
    "parenttype": "Workflow",
    "state": "Waiting for FM"
   }
  ],
  "workflow_name": "Expense Claim = Review+LM+FM",
  "workflow_state_field": "workflow_state"
 },
 {
  "docstatus": 0,
  "doctype": "Workflow",
  "document_type": "Expense Claim",
  "is_active": 0,
  "modified": "2021-01-05 15:07:08.012963",
  "name": "Expense Claim = Initial Review+LM+FM+MM",
  "override_status": 1,
  "parent": null,
  "parentfield": null,
  "parenttype": null,
  "send_email_alert": 0,
  "states": [
   {
    "allow_edit": "All",
    "doc_status": "0",
    "is_optional_state": 0,
    "message": null,
    "next_action_email_template": null,
    "parent": "Expense Claim = Initial Review+LM+FM+MM",
    "parentfield": "states",
    "parenttype": "Workflow",
    "state": "Initial Review",
    "update_field": null,
    "update_value": null
   },
   {
    "allow_edit": "No Edit",
    "doc_status": "0",
    "is_optional_state": 0,
    "message": null,
    "next_action_email_template": null,
    "parent": "Expense Claim = Initial Review+LM+FM+MM",
    "parentfield": "states",
    "parenttype": "Workflow",
    "state": "Waiting For Approval",
    "update_field": null,
    "update_value": null
   },
   {
    "allow_edit": "No Edit",
    "doc_status": "0",
    "is_optional_state": 0,
    "message": null,
    "next_action_email_template": null,
    "parent": "Expense Claim = Initial Review+LM+FM+MM",
    "parentfield": "states",
    "parenttype": "Workflow",
    "state": "Approved by Line Manager",
    "update_field": "approval_status",
    "update_value": "Approved"
   },
   {
    "allow_edit": "No Edit",
    "doc_status": "0",
    "is_optional_state": 0,
    "message": null,
    "next_action_email_template": null,
    "parent": "Expense Claim = Initial Review+LM+FM+MM",
    "parentfield": "states",
    "parenttype": "Workflow",
    "state": "Rejected by Line Manager",
    "update_field": "approval_status",
    "update_value": "Rejected"
   },
   {
    "allow_edit": "No Edit",
    "doc_status": "0",
    "is_optional_state": 0,
    "message": null,
    "next_action_email_template": null,
    "parent": "Expense Claim = Initial Review+LM+FM+MM",
    "parentfield": "states",
    "parenttype": "Workflow",
    "state": "Approved By Maintenance",
    "update_field": null,
    "update_value": null
   },
   {
    "allow_edit": "No Edit",
    "doc_status": "0",
    "is_optional_state": 0,
    "message": null,
    "next_action_email_template": null,
    "parent": "Expense Claim = Initial Review+LM+FM+MM",
    "parentfield": "states",
    "parenttype": "Workflow",
    "state": "Rejected By Maintenance",
    "update_field": null,
    "update_value": null
   },
   {
    "allow_edit": "No Edit",
    "doc_status": "0",
    "is_optional_state": 0,
    "message": null,
    "next_action_email_template": null,
    "parent": "Expense Claim = Initial Review+LM+FM+MM",
    "parentfield": "states",
    "parenttype": "Workflow",
    "state": "Rejected by Finance Manager",
    "update_field": null,
    "update_value": "Rejected by Finance Manager"
   },
   {
    "allow_edit": "No Edit",
    "doc_status": "1",
    "is_optional_state": 0,
    "message": null,
    "next_action_email_template": null,
    "parent": "Expense Claim = Initial Review+LM+FM+MM",
    "parentfield": "states",
    "parenttype": "Workflow",
    "state": "Approved by Finance Manager",
    "update_field": null,
    "update_value": "Approved by Finance Manager"
   }
  ],
  "transitions": [
   {
    "action": "Approve",
    "allow_self_approval": 0,
    "allowed": "Expense Approver",
    "condition": null,
    "next_state": "Approved by Line Manager",
    "parent": "Expense Claim = Initial Review+LM+FM+MM",
    "parentfield": "transitions",
    "parenttype": "Workflow",
    "state": "Waiting For Approval"
   },
   {
    "action": "Reject",
    "allow_self_approval": 0,
    "allowed": "Expense Approver",
    "condition": null,
    "next_state": "Rejected by Line Manager",
    "parent": "Expense Claim = Initial Review+LM+FM+MM",
    "parentfield": "transitions",
    "parenttype": "Workflow",
    "state": "Waiting For Approval"
   },
   {
    "action": "Approve",
    "allow_self_approval": 1,
    "allowed": "Vehicle Maintenance Approver",
    "condition": "doc.taa_maintenance_approval_required==\"Yes\"",
    "next_state": "Approved By Maintenance",
    "parent": "Expense Claim = Initial Review+LM+FM+MM",
    "parentfield": "transitions",
    "parenttype": "Workflow",
    "state": "Approved by Line Manager"
   },
   {
    "action": "Reject",
    "allow_self_approval": 1,
    "allowed": "Vehicle Maintenance Approver",
    "condition": null,
    "next_state": "Rejected By Maintenance",
    "parent": "Expense Claim = Initial Review+LM+FM+MM",
    "parentfield": "transitions",
    "parenttype": "Workflow",
    "state": "Approved by Line Manager"
   },
   {
    "action": "Approve",
    "allow_self_approval": 1,
    "allowed": "Accounts Manager",
    "condition": null,
    "next_state": "Approved by Finance Manager",
    "parent": "Expense Claim = Initial Review+LM+FM+MM",
    "parentfield": "transitions",
    "parenttype": "Workflow",
    "state": "Approved By Maintenance"
   },
   {
    "action": "Reject",
    "allow_self_approval": 1,
    "allowed": "Accounts Manager",
    "condition": null,
    "next_state": "Rejected by Finance Manager",
    "parent": "Expense Claim = Initial Review+LM+FM+MM",
    "parentfield": "transitions",
    "parenttype": "Workflow",
    "state": "Approved By Maintenance"
   },
   {
    "action": "Approve",
    "allow_self_approval": 1,
    "allowed": "Accounts Manager",
    "condition": "doc.taa_maintenance_approval_required==\"No\"",
    "next_state": "Approved by Finance Manager",
    "parent": "Expense Claim = Initial Review+LM+FM+MM",
    "parentfield": "transitions",
    "parenttype": "Workflow",
    "state": "Approved by Line Manager"
   }
  ],
  "workflow_name": "Expense Claim = Initial Review+LM+FM+MM",
  "workflow_state_field": "workflow_state"
 },
 {
  "docstatus": 0,
  "doctype": "Workflow",
  "document_type": "Leave Application",
  "is_active": 1,
  "modified": "2021-03-18 11:18:34.167783",
  "name": "Leave Application = Review+LM+HRM",
  "override_status": 1,
  "parent": null,
  "parentfield": null,
  "parenttype": null,
  "send_email_alert": 0,
  "states": [
   {
    "allow_edit": "All",
    "doc_status": "0",
    "is_optional_state": 0,
    "message": null,
    "next_action_email_template": null,
    "parent": "Leave Application = Review+LM+HRM",
    "parentfield": "states",
    "parenttype": "Workflow",
    "state": "Initial Review",
    "update_field": null,
    "update_value": null
   },
   {
    "allow_edit": "Leave Approver",
    "doc_status": "0",
    "is_optional_state": 0,
    "message": null,
    "next_action_email_template": null,
    "parent": "Leave Application = Review+LM+HRM",
    "parentfield": "states",
    "parenttype": "Workflow",
    "state": "Waiting for LM",
    "update_field": null,
    "update_value": null
   },
   {
    "allow_edit": "No Edit",
    "doc_status": "0",
    "is_optional_state": 0,
    "message": null,
    "next_action_email_template": null,
    "parent": "Leave Application = Review+LM+HRM",
    "parentfield": "states",
    "parenttype": "Workflow",
    "state": "Rejected By LM",
    "update_field": null,
    "update_value": null
   },
   {
    "allow_edit": "HR Manager",
    "doc_status": "0",
    "is_optional_state": 0,
    "message": null,
    "next_action_email_template": null,
    "parent": "Leave Application = Review+LM+HRM",
    "parentfield": "states",
    "parenttype": "Workflow",
    "state": "Waiting for HRM",
    "update_field": null,
    "update_value": null
   },
   {
    "allow_edit": "No Edit",
    "doc_status": "0",
    "is_optional_state": 0,
    "message": null,
    "next_action_email_template": null,
    "parent": "Leave Application = Review+LM+HRM",
    "parentfield": "states",
    "parenttype": "Workflow",
    "state": "Rejected by HRM",
    "update_field": null,
    "update_value": null
   },
   {
    "allow_edit": "All",
    "doc_status": "1",
    "is_optional_state": 0,
    "message": null,
    "next_action_email_template": null,
    "parent": "Leave Application = Review+LM+HRM",
    "parentfield": "states",
    "parenttype": "Workflow",
    "state": "Approved By All",
    "update_field": null,
    "update_value": null
   }
  ],
  "transitions": [
   {
    "action": "Submit for Approval",
    "allow_self_approval": 1,
    "allowed": "All",
    "condition": null,
    "next_state": "Waiting for LM",
    "parent": "Leave Application = Review+LM+HRM",
    "parentfield": "transitions",
    "parenttype": "Workflow",
    "state": "Initial Review"
   },
   {
    "action": "Review",
    "allow_self_approval": 1,
    "allowed": "Leave Approver",
    "condition": null,
    "next_state": "Initial Review",
    "parent": "Leave Application = Review+LM+HRM",
    "parentfield": "transitions",
    "parenttype": "Workflow",
    "state": "Waiting for LM"
   },
   {
    "action": "Reject",
    "allow_self_approval": 1,
    "allowed": "Leave Approver",
    "condition": null,
    "next_state": "Rejected By LM",
    "parent": "Leave Application = Review+LM+HRM",
    "parentfield": "transitions",
    "parenttype": "Workflow",
    "state": "Waiting for LM"
   },
   {
    "action": "Approve",
    "allow_self_approval": 1,
    "allowed": "Leave Approver",
    "condition": null,
    "next_state": "Waiting for HRM",
    "parent": "Leave Application = Review+LM+HRM",
    "parentfield": "transitions",
    "parenttype": "Workflow",
    "state": "Waiting for LM"
   },
   {
    "action": "Review",
    "allow_self_approval": 1,
    "allowed": "HR Manager",
    "condition": null,
    "next_state": "Initial Review",
    "parent": "Leave Application = Review+LM+HRM",
    "parentfield": "transitions",
    "parenttype": "Workflow",
    "state": "Waiting for HRM"
   },
   {
    "action": "Reject",
    "allow_self_approval": 1,
    "allowed": "HR Manager",
    "condition": null,
    "next_state": "Rejected by HRM",
    "parent": "Leave Application = Review+LM+HRM",
    "parentfield": "transitions",
    "parenttype": "Workflow",
    "state": "Waiting for HRM"
   },
   {
    "action": "Approve",
    "allow_self_approval": 1,
    "allowed": "HR Manager",
    "condition": null,
    "next_state": "Approved By All",
    "parent": "Leave Application = Review+LM+HRM",
    "parentfield": "transitions",
    "parenttype": "Workflow",
    "state": "Waiting for HRM"
   }
  ],
  "workflow_name": "Leave Application = Review+LM+HRM",
  "workflow_state_field": "workflow_state"
 },
 {
  "docstatus": 0,
  "doctype": "Workflow",
  "document_type": "Loan",
  "is_active": 0,
  "modified": "2021-03-11 11:16:36.132027",
  "name": "Loan HRM+FM",
  "override_status": 0,
  "parent": null,
  "parentfield": null,
  "parenttype": null,
  "send_email_alert": 0,
  "states": [
   {
    "allow_edit": "All",
    "doc_status": "0",
    "is_optional_state": 0,
    "message": null,
    "next_action_email_template": null,
    "parent": "Loan HRM+FM",
    "parentfield": "states",
    "parenttype": "Workflow",
    "state": "Initial Review",
    "update_field": null,
    "update_value": null
   },
   {
    "allow_edit": "No Edit",
    "doc_status": "0",
    "is_optional_state": 0,
    "message": null,
    "next_action_email_template": null,
    "parent": "Loan HRM+FM",
    "parentfield": "states",
    "parenttype": "Workflow",
    "state": "Waiting for HRM",
    "update_field": null,
    "update_value": null
   },
   {
    "allow_edit": "No Edit",
    "doc_status": "0",
    "is_optional_state": 0,
    "message": null,
    "next_action_email_template": null,
    "parent": "Loan HRM+FM",
    "parentfield": "states",
    "parenttype": "Workflow",
    "state": "Rejected by HRM",
    "update_field": null,
    "update_value": null
   },
   {
    "allow_edit": "No Edit",
    "doc_status": "0",
    "is_optional_state": 0,
    "message": null,
    "next_action_email_template": null,
    "parent": "Loan HRM+FM",
    "parentfield": "states",
    "parenttype": "Workflow",
    "state": "Waiting for FM",
    "update_field": null,
    "update_value": null
   },
   {
    "allow_edit": "No Edit",
    "doc_status": "0",
    "is_optional_state": 0,
    "message": null,
    "next_action_email_template": null,
    "parent": "Loan HRM+FM",
    "parentfield": "states",
    "parenttype": "Workflow",
    "state": "Rejected By FM",
    "update_field": null,
    "update_value": null
   },
   {
    "allow_edit": "No Edit",
    "doc_status": "1",
    "is_optional_state": 0,
    "message": null,
    "next_action_email_template": null,
    "parent": "Loan HRM+FM",
    "parentfield": "states",
    "parenttype": "Workflow",
    "state": "Approved By All",
    "update_field": null,
    "update_value": null
   }
  ],
  "transitions": [
   {
    "action": "Submit for Approval",
    "allow_self_approval": 1,
    "allowed": "All",
    "condition": null,
    "next_state": "Waiting for HRM",
    "parent": "Loan HRM+FM",
    "parentfield": "transitions",
    "parenttype": "Workflow",
    "state": "Initial Review"
   },
   {
    "action": "Review",
    "allow_self_approval": 1,
    "allowed": "HR Manager",
    "condition": null,
    "next_state": "Initial Review",
    "parent": "Loan HRM+FM",
    "parentfield": "transitions",
    "parenttype": "Workflow",
    "state": "Waiting for HRM"
   },
   {
    "action": "Reject",
    "allow_self_approval": 1,
    "allowed": "HR Manager",
    "condition": null,
    "next_state": "Rejected by HRM",
    "parent": "Loan HRM+FM",
    "parentfield": "transitions",
    "parenttype": "Workflow",
    "state": "Waiting for HRM"
   },
   {
    "action": "Approve",
    "allow_self_approval": 1,
    "allowed": "HR Manager",
    "condition": null,
    "next_state": "Waiting for FM",
    "parent": "Loan HRM+FM",
    "parentfield": "transitions",
    "parenttype": "Workflow",
    "state": "Waiting for HRM"
   },
   {
    "action": "Review",
    "allow_self_approval": 1,
    "allowed": "Accounts Manager",
    "condition": null,
    "next_state": "Initial Review",
    "parent": "Loan HRM+FM",
    "parentfield": "transitions",
    "parenttype": "Workflow",
    "state": "Waiting for FM"
   },
   {
    "action": "Reject",
    "allow_self_approval": 1,
    "allowed": "Accounts Manager",
    "condition": null,
    "next_state": "Rejected By FM",
    "parent": "Loan HRM+FM",
    "parentfield": "transitions",
    "parenttype": "Workflow",
    "state": "Waiting for FM"
   },
   {
    "action": "Approve",
    "allow_self_approval": 1,
    "allowed": "Accounts Manager",
    "condition": null,
    "next_state": "Approved By All",
    "parent": "Loan HRM+FM",
    "parentfield": "transitions",
    "parenttype": "Workflow",
    "state": "Waiting for FM"
   }
  ],
  "workflow_name": "Loan HRM+FM",
  "workflow_state_field": "workflow_state"
 }
]