[
 {
  "docstatus": 0,
  "doctype": "Workflow State",
  "icon": "ok-sign",
  "modified": "2018-11-05 18:47:32.954839",
  "name": "Approved",
  "parent": null,
  "parentfield": null,
  "parenttype": null,
  "style": "Success",
  "workflow_state_name": "Approved"
 },
 {
  "docstatus": 0,
  "doctype": "Workflow State",
  "icon": "remove",
  "modified": "2018-11-05 18:47:33.063715",
  "name": "Rejected",
  "parent": null,
  "parentfield": null,
  "parenttype": null,
  "style": "Danger",
  "workflow_state_name": "Rejected"
 },
 {
  "docstatus": 0,
  "doctype": "Workflow State",
  "icon": "",
  "modified": "2020-04-18 11:07:13.263456",
  "name": "Draft",
  "parent": null,
  "parentfield": null,
  "parenttype": null,
  "style": "Primary",
  "workflow_state_name": "Draft"
 },
 {
  "docstatus": 0,
  "doctype": "Workflow State",
  "icon": "",
  "modified": "2020-04-18 11:07:55.071272",
  "name": "Submitted for Approval",
  "parent": null,
  "parentfield": null,
  "parenttype": null,
  "style": "Warning",
  "workflow_state_name": "Submitted for Approval"
 },
 {
  "docstatus": 0,
  "doctype": "Workflow State",
  "icon": "",
  "modified": "2020-06-06 18:03:37.149782",
  "name": "Maintenance Approval",
  "parent": null,
  "parentfield": null,
  "parenttype": null,
  "style": "Info",
  "workflow_state_name": "Maintenance Approval"
 },
 {
  "docstatus": 0,
  "doctype": "Workflow State",
  "icon": "",
  "modified": "2020-06-06 21:55:17.038830",
  "name": "Approved By Maintenance",
  "parent": null,
  "parentfield": null,
  "parenttype": null,
  "style": "Info",
  "workflow_state_name": "Approved By Maintenance"
 },
 {
  "docstatus": 0,
  "doctype": "Workflow State",
  "icon": "",
  "modified": "2020-06-25 11:44:02.184798",
  "name": "Rejected By Maintenance",
  "parent": null,
  "parentfield": null,
  "parenttype": null,
  "style": "Danger",
  "workflow_state_name": "Rejected By Maintenance"
 },
 {
  "docstatus": 0,
  "doctype": "Workflow State",
  "icon": "",
  "modified": "2020-08-18 18:26:53.094978",
  "name": "Order Approved",
  "parent": null,
  "parentfield": null,
  "parenttype": null,
  "style": "Info",
  "workflow_state_name": "Order Approved"
 },
 {
  "docstatus": 0,
  "doctype": "Workflow State",
  "icon": "",
  "modified": "2020-08-23 10:12:28.612716",
  "name": "Order Delivered",
  "parent": null,
  "parentfield": null,
  "parenttype": null,
  "style": "Success",
  "workflow_state_name": "Order Delivered"
 },
 {
  "docstatus": 0,
  "doctype": "Workflow State",
  "icon": "",
  "modified": "2019-03-16 07:04:11.677580",
  "name": "Rejected by Line Manager",
  "parent": null,
  "parentfield": null,
  "parenttype": null,
  "style": "Danger",
  "workflow_state_name": "Rejected by Line Manager"
 },
 {
  "docstatus": 0,
  "doctype": "Workflow State",
  "icon": "",
  "modified": "2019-03-17 19:07:32.313008",
  "name": "Rejected By HR Manager",
  "parent": null,
  "parentfield": null,
  "parenttype": null,
  "style": "Danger",
  "workflow_state_name": "Rejected By HR Manager"
 },
 {
  "docstatus": 0,
  "doctype": "Workflow State",
  "icon": "",
  "modified": "2019-03-17 19:06:47.939789",
  "name": "Approved by HR Manager",
  "parent": null,
  "parentfield": null,
  "parenttype": null,
  "style": "Success",
  "workflow_state_name": "Approved by HR Manager"
 },
 {
  "docstatus": 0,
  "doctype": "Workflow State",
  "icon": "",
  "modified": "2019-04-22 19:20:52.705400",
  "name": "Disbursed By Accountant",
  "parent": null,
  "parentfield": null,
  "parenttype": null,
  "style": "Success",
  "workflow_state_name": "Disbursed By Accountant"
 },
 {
  "docstatus": 0,
  "doctype": "Workflow State",
  "icon": "",
  "modified": "2019-03-16 07:07:41.016067",
  "name": "Rejected by Finance Manager",
  "parent": null,
  "parentfield": null,
  "parenttype": null,
  "style": "Danger",
  "workflow_state_name": "Rejected by Finance Manager"
 },
 {
  "docstatus": 0,
  "doctype": "Workflow State",
  "icon": "",
  "modified": "2019-03-16 07:03:36.378184",
  "name": "Approved by Line Manager",
  "parent": null,
  "parentfield": null,
  "parenttype": null,
  "style": "Primary",
  "workflow_state_name": "Approved by Line Manager"
 },
 {
  "docstatus": 0,
  "doctype": "Workflow State",
  "icon": "",
  "modified": "2019-03-16 07:06:47.211982",
  "name": "Approved by Finance Manager",
  "parent": null,
  "parentfield": null,
  "parenttype": null,
  "style": "Success",
  "workflow_state_name": "Approved by Finance Manager"
 },
 {
  "docstatus": 0,
  "doctype": "Workflow State",
  "icon": "",
  "modified": "2020-12-29 10:06:28.132503",
  "name": "Waiting for LM",
  "parent": null,
  "parentfield": null,
  "parenttype": null,
  "style": "Warning",
  "workflow_state_name": "Waiting for LM"
 },
 {
  "docstatus": 0,
  "doctype": "Workflow State",
  "icon": "",
  "modified": "2020-12-29 10:06:47.216442",
  "name": "Waiting for FM",
  "parent": null,
  "parentfield": null,
  "parenttype": null,
  "style": "Warning",
  "workflow_state_name": "Waiting for FM"
 },
 {
  "docstatus": 0,
  "doctype": "Workflow State",
  "icon": "",
  "modified": "2020-12-29 10:07:05.327324",
  "name": "Waiting for MM",
  "parent": null,
  "parentfield": null,
  "parenttype": null,
  "style": "Warning",
  "workflow_state_name": "Waiting for MM"
 },
 {
  "docstatus": 0,
  "doctype": "Workflow State",
  "icon": "",
  "modified": "2020-12-29 10:10:48.188448",
  "name": "Rejected By LM",
  "parent": null,
  "parentfield": null,
  "parenttype": null,
  "style": "Danger",
  "workflow_state_name": "Rejected By LM"
 },
 {
  "docstatus": 0,
  "doctype": "Workflow State",
  "icon": "",
  "modified": "2020-12-29 10:11:08.266230",
  "name": "Rejected By FM",
  "parent": null,
  "parentfield": null,
  "parenttype": null,
  "style": "Danger",
  "workflow_state_name": "Rejected By FM"
 },
 {
  "docstatus": 0,
  "doctype": "Workflow State",
  "icon": "",
  "modified": "2021-01-05 22:18:12.339967",
  "name": "Approved By All",
  "parent": null,
  "parentfield": null,
  "parenttype": null,
  "style": "Success",
  "workflow_state_name": "Approved By All"
 },
 {
  "docstatus": 0,
  "doctype": "Workflow State",
  "icon": "",
  "modified": "2021-02-22 16:10:13.058770",
  "name": "Waiting for HRM",
  "parent": null,
  "parentfield": null,
  "parenttype": null,
  "style": "Warning",
  "workflow_state_name": "Waiting for HRM"
 },
 {
  "docstatus": 0,
  "doctype": "Workflow State",
  "icon": "",
  "modified": "2021-02-22 21:32:22.801068",
  "name": "Rejected by HRM",
  "parent": null,
  "parentfield": null,
  "parenttype": null,
  "style": "Danger",
  "workflow_state_name": "Rejected by HRM"
 },
 {
  "docstatus": 0,
  "doctype": "Workflow State",
  "icon": "",
  "modified": "2019-03-16 07:01:37.756954",
  "name": "Waiting For Approval",
  "parent": null,
  "parentfield": null,
  "parenttype": null,
  "style": "Warning",
  "workflow_state_name": "Waiting For Approval"
 },
 {
  "docstatus": 0,
  "doctype": "Workflow State",
  "icon": "",
  "modified": "2020-12-29 10:05:27.920426",
  "name": "Initial Review",
  "parent": null,
  "parentfield": null,
  "parenttype": null,
  "style": "Warning",
  "workflow_state_name": "Initial Review"
 }
]