{
 "creation": "2019-11-13 14:56:58.013938",
 "doctype": "DocType",
 "editable_grid": 1,
 "engine": "InnoDB",
 "field_order": [
  "item_group"
 ],
 "fields": [
  {
   "fieldname": "item_group",
   "fieldtype": "Link",
   "in_list_view": 1,
   "label": "Item Group",
   "options": "Item Group"
  }
 ],
 "istable": 1,
 "modified": "2019-11-13 14:57:57.593740",
 "modified_by": "Administrator",
 "module": "TailPOS Sync",
 "name": "Device Item Group",
 "owner": "Administrator",
 "permissions": [],
 "quick_entry": 1,
 "sort_field": "modified",
 "sort_order": "DESC",
 "track_changes": 1
}