{
 "creation": "2019-08-06 13:54:16.698340",
 "doctype": "DocType",
 "editable_grid": 1,
 "engine": "InnoDB",
 "field_order": [
  "payment_type",
  "mode_of_payment",
  "column_break_3",
  "arabic_translation"
 ],
 "fields": [
  {
   "fieldname": "payment_type",
   "fieldtype": "Data",
   "in_list_view": 1,
   "label": "Payment Type"
  },
  {
   "fieldname": "mode_of_payment",
   "fieldtype": "Link",
   "in_list_view": 1,
   "label": "Mode of Payment",
   "options": "Mode of Payment"
  },
  {
   "fieldname": "column_break_3",
   "fieldtype": "Column Break"
  },
  {
   "fieldname": "arabic_translation",
   "fieldtype": "Data",
   "label": "Arabic Translation"
  }
 ],
 "istable": 1,
 "modified": "2020-04-09 04:56:19.159052",
 "modified_by": "Administrator",
 "module": "TailPOS Sync",
 "name": "Tail Settings Payment",
 "owner": "Administrator",
 "permissions": [],
 "sort_field": "modified",
 "sort_order": "DESC",
 "track_changes": 1
}